Street Name	Record Count	Years	Amendment	Notes
1 HICKS ALBERT	28	1971		
159A-160	66	1936		Investigate
23-23A	8	1927		Investigate
35-35A	140	1927; 1936		Investigate
7/8 JUNCTION MOTORS	38	1971		
Abbey Road	64	1946; 1950; 1971		
Aberthaw Avenue	15	1971		
Aberthaw Circle	55	1971		
Aberthaw Road	240	1897; 1905; 1914; 1938; 1946; 1950; 1971		
Acacia Avenue	192	1927; 1933; 1936; 1938; 1946; 1950; 1971		
Acacia Square	87	1927; 1933; 1936; 1938; 1946; 1950; 1971		
ADAM STREET	51	1927		
Adelaide Street	215	1897; 1905; 1914; 1933; 1936; 1938; 1946; 1950; 1971		
Adeline Street	664	1886; 1890; 1897; 1905; 1914; 1927; 1933; 1936; 1938; 1946; 1950; 1971		
ADRIAN BOULT GRN	26	1971		
Agincourt Street	439	1905; 1914; 1927; 1933; 1936; 1938; 1946; 1950; 1971		
Ailesbury Street	439	1890; 1897; 1905; 1914; 1933; 1936; 1938; 1946; 1950; 1971		
Alanbrooke Avenue	59	1971		
Albany Chambers	4	1905; 1938; 1946; 1971		
ALBANY CHAMBERS—	51	1887		
Albany Road	1	1905		Street is now St Vincent's Road. Add marker to St Vincent Road to indicate it used to be Albany Road.
Albany Street	540	1890; 1897; 1905; 1914; 1927; 1933; 1936; 1938; 1946; 1950; 1971		
ALBANY STREET—	1	1887		
Albany Terrace	49	1914; 1927; 1933; 1936		
ALBERT	2	1887		
Albert Avenue	910	1890; 1897; 1905; 1914; 1927; 1933; 1936; 1938; 1946; 1950; 1971		
Albert Hall Chambers	1	1886		
Albert Place	6	1876		
Albert Street	166	1876; 1878; 1886; 1897; 1905; 1914; 1933; 1936; 1938; 1946; 1950; 1971		
Albert Terrace	219	1876; 1878; 1897; 1914; 1933; 1936; 1938; 1946; 1950; 1971		
Albion Chambers	16	1886; 1890; 1905; 1927; 1938; 1946		
Albion Street	392	1876; 1878; 1886; 1897; 1905; 1914; 1933; 1936; 1938; 1946; 1950; 1971		
Alder Grove	14	1971		
Alderney Street	84	1905; 1914; 1927; 1933; 1936; 1938; 1946; 1950; 1971		
Alexandra Docks	386	1878; 1897; 1905; 1914; 1927; 1936; 1938; 1946; 1950; 1971		
Alexandra Road	1121	1897; 1905; 1914; 1927; 1933; 1936; 1938; 1946; 1950; 1971		
Alexandra School	31	1927		
Alfred Street	150	1876; 1878; 1897; 1905; 1914; 1927; 1933; 1936; 1938; 1946; 1950; 1971		
Alice Street	548	1886; 1897; 1905; 1914; 1927; 1933; 1936; 1938; 1946; 1950; 1971		
Allen Close	18	1971		
ALLT-YR-YN	51	1971		
Allt-Yr-Yn Avenue	512	1927; 1933; 1936; 1938; 1946; 1950		
Allt-Yr-Yn Close	371	1933; 1936; 1938; 1946; 1950; 1971		
Allt-Yr-Yn Court	21	1971		
Allt-Yr-Yn Crescent	59	1971		
Allt-Yr-Yn Hospital	30	1936		
Allt-Yr-Yn Road	551	1933; 1936; 1938; 1946; 1950; 1971		
Allt-Yr-Yn View	300	1936; 1938; 1946; 1950; 1971		
Allt-Yr-Yn Way	12	1971		
Alma St. Baptist Church	74	1927		
Alma Street	1223	1876; 1878; 1897; 1905; 1914; 1927; 1933; 1936; 1938; 1946; 1950; 1971		
Alma Street (Upper)	4	1876		
Almond Drive	44	1971		
Alteryn	110	1878; 1897; 1905; 1914; 1933; 1936; 1938; 1946; 1950		
Alteryn Road	18	1897; 1914		
Alway Avenue	19	1946		
Alway Close	38	1946; 1950; 1971		
Alway Crescent	59	1946; 1950		
Alway Parade	12	1971		
Anderson Place	59	1971		
Annesley Road	419	1897; 1905; 1914; 1927; 1933; 1936; 1938; 1946; 1950		
Anson Green	106	1971		
Anssesy Road	24	1971		
Aragon Street	74	1897; 1905; 1914; 1927; 1933; 1936; 1938; 1946; 1950; 1971		
ARCADE	1	1887		
Arcade (Market)	107	1876; 1878; 1886; 1914; 1933; 1946; 1950		
Arcade (Newport)	54	1897; 1905; 1914; 1933; 1938; 1946; 1950		
Arcade Chambers	52	1876; 1878; 1927; 1933		
ARCADE CHAMBERS—	296	1887; 1890		
Arcades	79	1905; 1936; 1938		
Arcadia Terrace	39	1927; 1933		
ARCH ENGINEER	9	1971		Investigate
Archibald Street	658	1897; 1905; 1914; 1927; 1933; 1936; 1938; 1946; 1950; 1971		
Argyle Street	311	1905; 1914; 1927; 1933; 1936; 1938; 1946; 1950; 1971		
Argyll Street	15	1897		
Arlington Chambers	3	1905; 1938; 1946		
ARLINGTON CHAMBERS—	21	1890		
Arlington Close	25	1971		
Arlington Street	33	1897		
Arlington Terrace	12	1933		
Arne Close	8	1971		
Arnold Close	14	1971		
Arthur Bliss Road	45	1971		
Arthur Street	366	1886; 1897; 1905; 1914; 1927; 1933; 1936; 1938; 1946; 1950; 1971		
Artillery Place	40	1897; 1905; 1914; 1933; 1936; 1938; 1946; 1971		
Arundel Road	222	1905; 1914; 1933; 1936; 1938; 1946; 1950; 1971		
Ashley Road	105	1933; 1936; 1938; 1946; 1950; 1971		
Aspen Way	35	1971		
Aston Crescent	429	1914; 1933; 1936; 1938; 1946; 1950; 1971		
Athletic Club's Office	21	1927		
AUCKLAND ROAD	17	1971		
Auckland Terrace	3	1905; 1938; 1946		
Auckland Villas	90	1886; 1905; 1927; 1933; 1938; 1946		
Austin Friars	55	1876; 1878; 1897; 1905; 1914; 1933; 1936; 1938; 1946; 1971		
Austin Friars Chambers	2	1938; 1946		
Austin Road	6	1897		
AVON CLOSE	22	1971		
B 5 & 6	15	1927		Investigate
Bachelor Road	27	1971		
BACON PLACE	20	1971		
Badminton Road	181	1936; 1938; 1946; 1950; 1971		
Bailey Street	659	1876; 1878; 1887; 1897; 1905; 1914; 1927; 1933; 1936; 1938; 1946; 1950; 1971		
Baird Close	73	1971		
Baldwin Street	983	1878; 1886; 1887; 1897; 1905; 1914; 1927; 1933; 1936; 1938; 1946; 1950; 1971		
Balfe Road	23	1971		
Balmoral Road	698	1914; 1927; 1933; 1936; 1938; 1946; 1950; 1971		
Baltic Wharf	2	1933		
Baneswell	43	1876; 1886; 1887; 1905; 1946		
Baneswell Chambers	2	1938; 1946		
Baneswell Road	294	1876; 1878; 1887; 1897; 1905; 1914; 1933; 1936; 1938; 1946; 1950; 1971		
Baneswell Square	10	1897		
Bank Chambers	23	1876; 1878; 1886; 1905; 1938; 1946		
BANK CHAMBERS—	14	1890		
Bank Street	149	1897; 1905; 1914; 1933; 1936; 1938; 1946; 1950		
Baptist Chapel	97	1890; 1927		
BAPTIST TEMPLE	7	1890		
Barnard Street	207	1886; 1897; 1905; 1914; 1927; 1933; 1936; 1938; 1946; 1950; 1971		
BARNARD TOWN	11	1887		
Barnard Town School	109	1927		
Barrack Hill	945	1876; 1878; 1886; 1897; 1905; 1914; 1927; 1933; 1936; 1938; 1946; 1950; 1971		
Barrack Lane	59	1878; 1886; 1927; 1933		
Barrie Gardens	7	1971		
Barthropp Street	207	1905; 1914; 1933; 1936; 1938; 1946; 1950; 1971		
Bassaleg Road	428	1950; 1971		
Bassalleg Road	570	1890; 1897; 1905; 1914; 1933; 1936; 1938; 1946		
Batchelor Road	170	1897; 1905; 1914; 1933; 1936; 1938; 1946; 1950		
Bath Street	249	1886; 1890; 1897; 1905; 1914; 1933; 1936; 1938; 1946; 1950; 1971		
BEATTIE GEORGE	37	1971		Invesigate
Beatty Road	76	1971		
BEAUFORT	2	1927		Invesigate
Beaufort Chambers	1	1905		
Beaufort Place	117	1938; 1946; 1950; 1971		
Beaufort Road	134	1936; 1938; 1946; 1950; 1971		
Beaufort Terrace	55	1933; 1936; 1971		
BEAUFORT TERRACE—	3	1887		
Beaufort Wharf	11	1876		
Bedford Road	428	1897; 1905; 1914; 1933; 1936; 1938; 1946; 1950; 1971		
Beecham Street	15	1946; 1950; 1971		
Beechcroft Road	222	1936; 1938; 1946; 1950; 1971		
Beechdale Road	260	1933; 1936; 1938; 1946; 1950; 1971		
Beechfield Avenue	79	1946; 1950; 1971		
Beechwood Crescent	166	1933; 1936; 1938; 1946; 1950		
Beechwood Park	63	1927		
Beechwood Road	268	1897; 1905; 1914; 1927; 1933; 1936; 1938; 1946; 1950		
BELGAVE PLACE—	4	1890		
Belle Vue Lane	4	1886; 1927; 1971		
Belle Vue Terrace	12	1933		
BELLE VUE TERRACE—	13	1890		
Belvedere Terrace	350	1876; 1878; 1890; 1897; 1905; 1914; 1927; 1933; 1936; 1938; 1946; 1950; 1971		
Belvidere Terrace	10	1886		
Ben Jonson Way	18	1950; 1971		
Benbow Road	24	1971		
Beresford Road	65	1905; 1914; 1927; 1933; 1936; 1938; 1946; 1950; 1971		
Bessemer Close	57	1971		
Bettws Close	15	1971		
Bettws Hill	16	1971		
Bettws Lane	19	1938; 1946; 1950; 1971		
BEYNON's COURT	1	1890		
Bilston Street	56	1905; 1914; 1927; 1933; 1936; 1938; 1946; 1950; 1971		
Birch Hill	40	1971		
Birchgrove Close	20	1971		
Bishop Street	711	1878; 1890; 1897; 1905; 1914; 1927; 1933; 1936; 1938; 1946; 1950; 1971		
Bishopgate Parade	28	1876; 1878; 1886; 1890; 1897; 1905; 1914		
Bishopsgate Parada	4	1927		
Bishopstow	3	1946		
Bishpool	155	1950		
Bishpool Lane	183	1950; 1971		
Bishton Street	669	1905; 1914; 1927; 1933; 1936; 1938; 1946; 1950; 1971		
Blackett Avenue	242	1950; 1971		
Blaen-Y-Pant Avenue	62	1936; 1938; 1946; 1950		
Blaen-Y-Pant Cottages	5	1936; 1938		
Blaen-Y-Pant Crescent	35	1938; 1946; 1950		
Blaen-Y-Pant Place	37	1938; 1946; 1950		
Blake Road	52	1938; 1946; 1950; 1971		
Blenheim Road	258	1914; 1927; 1933; 1936; 1938; 1946; 1950; 1971		
Blewitt Street	759	1876; 1878; 1890; 1897; 1905; 1914; 1927; 1933; 1936; 1938; 1946; 1950; 1971		
Blewitt Terrace	22	1876; 1878; 1886		
Blot Street Schools	25	1927		
Bolt Street	445	1876; 1878; 1897; 1905; 1914; 1933; 1936; 1938; 1946; 1950; 1971		
Bolton Place	3	1876		
Bolton Road	221	1897; 1905; 1914; 1933; 1936; 1938; 1946; 1950; 1971		
Bolton Street	43	1897; 1905; 1914; 1933; 1936; 1938; 1946; 1950; 1971		
Bolton Terrace	16	1878; 1933		
Bond Street	235	1897; 1905; 1914; 1927; 1933; 1938; 1946; 1950; 1971		
Borough Chambers	4	1905; 1933; 1938; 1946		
Boswell Close	14	1971		
Boundary Road	7	1897		
Boyle Close	13	1950; 1971		
BRAIN CLOSE	30	1971		Investigate
Brangwyn Crescent	52	1971		
Bream Place	162	1886; 1897; 1905; 1914; 1927; 1933; 1936; 1938; 1946; 1950		
Brecon Road	79	1927; 1933; 1936; 1938; 1946; 1950; 1971		
Brickyard Road	75	1905; 1914; 1927; 1933; 1936; 1938; 1946; 1950; 1971		
Bridge (The)	3	1876		
Bridge Street	1501	1876; 1878; 1897; 1905; 1914; 1927; 1933; 1936; 1938; 1946; 1950; 1971		
Bristol Street	660	1886; 1897; 1905; 1914; 1933; 1936; 1938; 1946; 1950		
Britannia Buildings	2	1886; 1933		
BRITANNIA BUILDINGS.—	6	1890		
Broad Street	103	1878; 1886; 1897; 1905; 1914; 1927; 1933; 1936; 1938; 1946; 1950		
Broadwood Close	28	1971		
BRODAWEL GARDENS	50	1890		
Bronte Grove	21	1971		
Brookfield Close	29	1971		
Broseley Terrace	1	1886		
BROSELEY TERRACE—	27	1890		
Brown's Buildings	160	1927; 1933		
Browning Close	21	1971		
Brunel Street	147	1914; 1927; 1933; 1936; 1938; 1946; 1950; 1971		
Brunswick Place	1	1946		
Brynderwen Grove	43	1938; 1946; 1950; 1971		
Brynderwen Road	322	1905; 1914; 1927; 1933; 1936; 1938; 1946; 1950; 1971		
Brynderwyn Road	12	1897		Did the spelling change?
Brynglas Avenue	383	1927; 1933; 1936; 1938; 1946; 1950; 1971		
BRYNGLAS CLOSE	27	1971		
BRYNGLAS COURT	43	1971		
Brynglas Crescent	140	1914; 1927; 1933; 1936; 1938; 1946; 1950; 1971		
Brynglas Drive	198	1971		
Brynglas Orescent	9	1905		
Brynglas Road	1014	1897; 1905; 1914; 1927; 1933; 1936; 1938; 1946; 1950; 1971		
Bryngwyn Road	544	1897; 1905; 1914; 1927; 1933; 1936; 1938; 1946; 1950; 1971		
Brynhyfryd Avenue	200	1927; 1933; 1936; 1938; 1946; 1950; 1971		
Brynhyfryd Road	274	1905; 1914; 1927; 1933; 1936; 1938; 1946; 1950; 1971		
Buchan Close	35	1971		
Buckingham Crescent	110	1927; 1933; 1936; 1938; 1946; 1950; 1971		
Buckingham Place	61	1933; 1936; 1938; 1946; 1950; 1971		
Bungalows	36	1927; 1933		
Burleigh Road	51	1971		
Burnford Road	26	1950		
Burnfort Road	86	1936; 1938; 1946; 1971		
BURNICLE STUDIOS	17	1971		Investigate
Burns Close	11	1950		
Burton Homes	2	1971		
Burton Road	83	1946; 1950; 1971		
Byrde Close	9	1950		
C	704	1971		
C 4 17	9	1927		Investigate
C O. (	52	1971		
Caddock Street	1	1946		
Cae Brynton Road	272	1933; 1936; 1938; 1946; 1950; 1971		
Cae Perllan Road	387	1936; 1938; 1946; 1950; 1971		
Cae Perllanm Road	1	1950		
Caerau	11	1876		
Caerau Crescent	268	1887; 1897; 1905; 1914; 1927; 1933; 1936; 1938; 1946; 1950; 1971		
CAERAU CRESCENT —	122	1890		
Caerau Park	8	1878; 1886		
Caerau Road	870	1878; 1886; 1897; 1905; 1914; 1927; 1933; 1936; 1938; 1946; 1950; 1971		
Caerleon Chambers	3537	1876; 1897; 1905; 1914; 1927; 1933; 1938; 1946; 1950		
Caerleon Road	817	1878; 1927; 1936		
Caldicot Street	159	1905; 1914; 1927; 1933; 1936; 1938; 1946; 1950		
CALL OFFICE	48	1927		Investigate
Calne Place	18	1933		
CALNE PLACE—	96	1887; 1890		
CAMBRIA	34	1890		
Cambria Cottages	87	1886; 1933; 1936		
Cambria Place	13	1905; 1927; 1933; 1936		
CAMBRIA PLACE—	47	1887		
Cambrian Road	305	1897; 1905; 1914; 1927; 1933; 1936; 1938; 1946; 1950		
Cambridge Avenue	1	1905		
Cambridge Road	87	1905; 1914; 1927; 1933; 1936; 1938; 1946; 1950		
Camelot Place	102	1897; 1905; 1914; 1927; 1933; 1936; 1938; 1946; 1950; 1971		
Camperdown Road	69	1936; 1938; 1946; 1950; 1971		
Canal Bank	25	1933; 1936; 1971		
Canal Bank Cottages	61	1936; 1938; 1946; 1950; 1971		
Canal Parade	487	1876; 1878; 1897; 1905; 1914; 1927; 1933; 1936; 1938; 1946; 1950		
Canal Street	160	1878; 1886; 1897; 1905; 1914; 1927; 1933; 1936; 1938; 1946; 1950; 1971		
Canal Terrace	95	1876; 1878; 1897; 1905; 1914; 1927; 1933; 1936; 1938; 1946; 1950		
Canberra Crescent	26	1971		
Canon Street	343	1878; 1897; 1905; 1914; 1927; 1933; 1936; 1938; 1946; 1950; 1971		
Capel Crescent	805	1897; 1905; 1914; 1927; 1933; 1936; 1938; 1946; 1950; 1971		
Capel Street	884	1876; 1878; 1886; 1897; 1905; 1914; 1927; 1933; 1936; 1938; 1946; 1950; 1971		
Cardiff Road	1916	1876; 1878; 1897; 1905; 1914; 1927; 1933; 1936; 1938; 1946; 1950; 1971		
Cardigan Place	73	1933; 1936; 1938; 1946; 1950; 1971		
Carey Road	27	1905; 1914; 1933; 1936; 1938; 1946; 1950; 1971		
Carisbrooke Road	267	1905; 1914; 1933; 1936; 1938; 1946; 1950; 1971		
Carlisle Place	96	1876; 1886; 1905; 1927; 1933; 1936; 1938; 1946		
CARLISLE PLACE—	162	1887; 1890		
Carlisle Road	36	1971		
Carlisle Street	168	1886; 1897; 1905; 1914; 1927; 1933; 1936; 1938; 1946; 1950; 1971		
Carlton Chambers	3	1905; 1938; 1946		
Carlton Road	188	1933; 1936; 1938; 1946; 1950		
Carngethin Wharf	1	1933		
Caroline Street	341	1878; 1886; 1905; 1914; 1933; 1936; 1938; 1946; 1950; 1971		
Carpenter's Arms Lane	5	1886; 1936; 1971		
Cartwright Green	56	1950; 1971		
Carysfort Street	1	1946		
Castle Chambers	1	1933		
Castle Park Road	17	1971		
Castle Precincts	30	1876; 1878; 1886; 1897; 1905; 1914; 1933		
Castle Street	286	1876; 1878; 1897; 1905; 1914; 1933; 1936; 1938; 1946; 1950		
Catalpa Close	18	1971		
Catsash Road	9	1971		
CATTLE MARKET	325	1890		
Caxton Place	70	1876; 1878; 1897; 1905; 1914; 1933; 1936; 1938; 1946; 1950; 1971		
Caxton Street	47	1878		
Cecil Sharp Road	23	1971		
Cedar Road	231	1897; 1905; 1914; 1927; 1933; 1936; 1938; 1946; 1950; 1971		
Cemetary Lane	9	1927		
Cenfedd Street	64	1914; 1927; 1933; 1936; 1938; 1946; 1950		
Central Chambers	151	1927		
Century Institute	39	1927		
Chadwick Close	22	1950; 1971		
CHAMBERS	23	1971		Investigate
Charles Street	396	1876; 1878; 1886; 1897; 1905; 1914; 1927; 1933; 1936; 1938; 1946; 1950; 1971		
Charlotte Street	235	1876; 1878; 1897; 1905; 1914; 1933; 1936; 1938; 1946; 1950; 1971		
Charnwood Road	52	1927; 1933; 1938; 1946; 1950; 1971		
Chaucer Court	6	1971		
Chaucer Road	80	1933; 1938; 1946; 1950; 1971		
Chelmer Walk	10	1971		
Chelston Place	64	1897; 1905; 1914; 1927; 1933; 1938; 1946; 1950		
Chepstow Road	3861	1876; 1878; 1897; 1905; 1914; 1927; 1933; 1938; 1946; 1950; 1971		
Cherry Tree Close	11	1971		
Cherwell Walk	34	1971		
Chestnut Avenue	337	1933; 1936; 1938; 1946; 1950; 1971		
Christchurch Hill	31	1971		
Christchurch Road	2055	1886; 1897; 1905; 1914; 1933; 1936; 1938; 1946; 1950; 1971		
Chruch Farm Close	1	1971		
Church Path	4	1897		
Church Road	1461	1878; 1897; 1905; 1914; 1927; 1933; 1936; 1938; 1946; 1950; 1971		
Church Street	354	1876; 1878; 1897; 1905; 1914; 1933; 1936; 1938; 1946; 1950; 1971		
CHURCH TERRACE.—	21	1890		
CHURCH TERRACE—	15	1887		
CITIZENS’ ADVICE	16	1971		Investigate
Civic Centre	25	1971		
Claremont Terrace	4	1933		
Clarence Place	642	1878; 1897; 1905; 1914; 1927; 1933; 1936; 1938; 1946; 1950; 1971		
Clarence Street	515	1876; 1878; 1886; 1897; 1905; 1914; 1927; 1933; 1936; 1938; 1946; 1950; 1971		
Clayton Street	182	1914; 1927; 1933; 1936; 1938; 1946; 1950; 1971		
Clevedon Road	288	1914; 1927; 1933; 1936; 1938; 1946; 1950; 1971		
Clevedon Terrace	39	1927		
Clewer Court Mews	1	1971		
Clifford Crescent	2	1876		
Clifton Place	280	1876; 1878; 1886; 1897; 1905; 1914; 1927; 1933; 1936; 1938; 1946; 1950; 1971		
Clifton Road	150	1876; 1878; 1897; 1905; 1914; 1927; 1933; 1936; 1938; 1946; 1950; 1971		
Clifton Terrace	4	1876; 1886		
CLIFTON TERRACE—	10	1890		
Clist Walk	6	1971		
CLOSE	22	1971		Investigate
Club Row	74	1876; 1878; 1886; 1897		
CLYFFARD CCRESCENT	14	1890		
Clyffard Crescent	356	1897; 1905; 1914; 1927; 1933; 1936; 1938; 1946; 1950; 1971		
Clyfford Crescent	9	1878		
Clytha Crescent	201	1876; 1878; 1890; 1897; 1905; 1914; 1933; 1936; 1938; 1946; 1950; 1971		
Clytha Park	97	1878; 1914; 1946		
Clytha Park Road	348	1876; 1878; 1897; 1905; 1927; 1933; 1936; 1938; 1950; 1971		
Clytha Square	533	1876; 1878; 1897; 1905; 1914; 1927; 1933; 1936; 1938; 1946; 1950; 1971		
CLYTHA TERRACE—	29	1887		
Coldra Estate	54	1971		
Coldra Road	539	1897; 1905; 1914; 1933; 1936; 1938; 1946; 1950; 1971		
Coleridge Road	301	1933; 1936; 1938; 1946; 1950; 1971		
Collier Street	193	1914; 1933; 1938; 1946; 1950; 1971		
Collingwood Close	57	1938; 1946; 1950; 1971		
Collingwood Road	124	1933; 1938; 1946; 1950; 1971		
Collingwood Street	20	1914		
Collins Close	19	1950; 1971		
Colne Street	197	1914; 1933; 1938; 1946; 1950; 1971		
Colston Avenue	130	1933; 1938; 1946; 1950; 1971		
Colston Court	12	1971		
Colston Place	17	1938; 1946; 1950; 1971		
COMMERCIAL	12	1971		
Commercial Buildings	4	1876; 1933		
COMMERCIAL BUILDINGS—	218	1887; 1890		
Commercial Road	2071	1876; 1878; 1897; 1905; 1914; 1927; 1933; 1938; 1946; 1950; 1971		
Commercial Street	2215	1876; 1878; 1887; 1897; 1905; 1914; 1927; 1933; 1938; 1946; 1950; 1971		
Commercial Wharf	255	1876; 1878; 1886; 1887; 1897; 1905; 1914; 1933; 1938; 1946		
Compton Terrace	9	1933		
Congregational Church	15	1927		
CONSTA	39	1971		Investigate
Constables Lane	23	1905; 1914; 1933; 1938; 1946; 1950		Investigate
CONSTABLES' LANE	10	1971		
Constance Street	476	1897; 1905; 1914; 1933; 1938; 1946; 1950; 1971		
Conway Croft	60	1933; 1938; 1946; 1950; 1971		
Conway Road	1032	1914; 1927; 1933; 1938; 1946; 1950; 1971		
Conway Sac	205	1933; 1936; 1938; 1946; 1950; 1971		
Coomassie Street	291	1878; 1897; 1905; 1914; 1933; 1936; 1938; 1946; 1950		
Coppins (The)	13	1971		
Corelli Street	488	1905; 1914; 1927; 1933; 1936; 1938; 1946; 1950; 1971		
Cork Wharf	1	1933		
Corn Exchange Chambers	1	1886		
Corn Street	345	1876; 1878; 1897; 1905; 1914; 1933; 1936; 1938; 1946; 1950; 1971		
CORNICK	41	1927		Investigate
Cornwall Road	286	1933; 1936; 1938; 1946; 1950		
Corporation Baths	40	1927		
Corporation Road	2556	1897; 1905; 1914; 1927; 1933; 1936; 1938; 1946; 1950		
Corporation Yard	307	1927; 1933		
Cot Farm Circle	60	1971		
Cot Farm Close	40	1971		
Cot Farm Road	8	1971		
Cotman Close	14	1971		
Council Chambers	2	1905; 1933		
Courtney Street	101	1933; 1936; 1938; 1946; 1950; 1971		
Courtybella	100	1878; 1887; 1914; 1927; 1933		Investigate
Courtybella Street	359	1878; 1897; 1905; 1914; 1927; 1933; 1936; 1938; 1946; 1950; 1971		
Courtybella Terrace	410	1878; 1897; 1905; 1914; 1927; 1933; 1936; 1938; 1946; 1950		
COURTYBELLA—	154	1890		
Coutybella Cottages	3	1933		
Coverack Road	276	1905; 1914; 1927; 1933; 1936; 1938; 1946; 1950; 1971		
COVERRACK ROAD	45	1971		
Cowper Close	50	1971		
Crawford Street	195	1927; 1933; 1936; 1938; 1946; 1950; 1971		
Crescent Road	391	1886; 1897; 1905; 1914; 1927; 1933; 1936; 1938; 1946; 1950; 1971		
Crindau	2	1878; 1886		
CRINDAU COTTAGES—	65	1887		
Crindau Road	214	1897; 1905; 1914; 1927; 1933; 1936; 1938; 1946; 1950; 1971		
CRINDAU TERRACE—	185	1890		
Cromwell Road	839	1905; 1914; 1927; 1933; 1936; 1938; 1946; 1950; 1971		
Cross Hands Cottages	1	1933		
Cross Lane	92	1897; 1905; 1914; 1927; 1933; 1936; 1938; 1950; 1971		
Cross Street	97	1876; 1878; 1897		
Crouch Close	25	1971		
Crown Arcade	73	1946; 1971		
Crown Street	255	1876; 1897; 1905; 1914; 1927; 1933; 1936; 1938; 1946; 1950; 1971		
Croydon Close	12	1971		
Croydon Road	31	1914; 1927; 1933; 1936; 1938; 1946; 1950		
Cumberland Road	264	1914; 1927; 1933; 1936; 1938; 1946; 1950; 1971		
Cunningham Road	21	1971		
Curie Close	12	1950; 1971		
Cyril Street	481	1897; 1905; 1914; 1933; 1936; 1938; 1946; 1950; 1971		
D 5 58	28	1927		Investigate
D 5 6	12	1927		Investigate
Dale Road	148	1946; 1950; 1971		
Daniel Street	202	1897; 1905; 1914; 1933; 1936; 1938; 1946; 1950; 1971		
Darent Close	40	1971		
Darent Road	26	1971		
Darent Walk	32	1971		
Dart Road	39	1971		
Darwin Drive	89	1950; 1971		
David Street	352	1878; 1886; 1887; 1897; 1905; 1914; 1927; 1933; 1936; 1938; 1946; 1950; 1971		
Davy Close	19	1950; 1971		
Dawley Street	140	1927; 1936		
Dawson Close	84	1971		
Dean Street	460	1887; 1897; 1905; 1914; 1933; 1936; 1938; 1946; 1950; 1971		
Delius Close	37	1950; 1971		
Denbigh Road	285	1933; 1936; 1938; 1946; 1950; 1971		
Dents Close	9	1971		
Dents Hill	10	1971		
Depot Street	57	1878; 1886; 1897; 1905; 1914; 1927; 1933; 1936; 1938; 1946; 1950		
Derby Grove	26	1971		
Derwent Court	24	1971		
Devon Place	565	1876; 1878; 1886; 1897; 1905; 1914; 1927; 1933; 1936; 1938; 1946; 1950; 1971		
DEVON ROAD	69	1887		
Devonshire Cottages	2	1933		
Dewsland Park Road	579	1914; 1927; 1933; 1936; 1938; 1946; 1950; 1971		
Dewsland Road	8	1905		
Dewston Street	2	1905		
Dewstow Street	823	1914; 1927; 1933; 1936; 1938; 1946; 1950; 1971		
Diana Street	67	1905; 1914; 1933; 1936; 1938; 1946; 1950		
Dibdon Close	64	1971		
Dickens Drive	299	1971		
Dock (The Old)	13	1897		
Dock (Town)	134	1905; 1933; 1938; 1946; 1950		
Dock Cottages	192	1890; 1933		
DOCK COTTAGES—	129	1887		
Dock Parade	258	1876; 1878; 1886; 1897; 1905; 1914; 1933; 1936; 1938; 1946; 1950		
Dock Road Chambers	49	1886; 1905; 1936; 1938; 1946		
Dock Street	2366	1876; 1878; 1897; 1905; 1914; 1933; 1936; 1938; 1946; 1950		
Docks (The)	56	1876		
Dolphin Street	858	1876; 1878; 1897; 1905; 1914; 1933; 1936; 1938; 1946; 1950		
Don Close	68	1971		
DON's	50	1971		Investigate
Donnington Street	1	1936		
Dorset Close	10	1971		
Dorset Crescent	44	1971		
Dorset Place	16	1886; 1933; 1936; 1938; 1946		
Dorset Road	6	1927		
Dos Cottages's Hill	8	1933		
Dos Road	522	1876; 1878; 1897; 1905; 1914; 1933; 1936; 1938; 1946; 1950; 1971		
Dos Works Yard	1	1936		
Dowland Close	19	1971		
Downing Street	533	1905; 1914; 1927; 1933; 1936; 1938; 1946; 1950; 1971		
Drake Close	44	1971		
Drinkwater Gardens	328	1950; 1971		
DRIVE	63	1971		Investigate
Duckpool Road	1477	1897; 1905; 1914; 1927; 1933; 1936; 1938; 1946; 1950; 1971		
Duckpool Terrace	11	1933		
DUDLEY	330	1971		Investigate
Dudley Street	376	1905; 1914; 1927; 1933; 1936; 1938; 1946; 1950		
Duke Street	23	1878; 1886; 1897; 1905; 1914; 1927; 1933; 1936; 1938; 1946; 1950		
Dumfries Place	119	1876; 1878; 1886; 1897; 1905; 1914; 1927; 1933; 1936; 1938; 1946; 1950		
Durham Lane	4	1927; 1936; 1938; 1946		
Durham Road	1648	1897; 1905; 1914; 1927; 1933; 1936; 1938; 1946; 1950		
E 2 37	15	1927		Investigate
E 5 47	13	1927		Investigate
East Grove Road	52	1936; 1938; 1946; 1950; 1971		
East Lock Flats	2	1933		
East Market Street	86	1876; 1878; 1897; 1905; 1914; 1933; 1936; 1938; 1946; 1950; 1971		
East Side	28	1933		
East Street	334	1876; 1878; 1886; 1897; 1905; 1914; 1933; 1936; 1938; 1946; 1950; 1971		
East Usk Road	352	1878; 1897; 1905; 1914; 1927; 1933; 1938; 1946; 1950; 1971		
Eastmoor Road	51	1971		
Easton Place	11	1933		
EASTON PLACE.—	12	1890		
Ebenezer Terrace	376	1876; 1878; 1886; 1897; 1905; 1914; 1927; 1933; 1936; 1938; 1946; 1950		
Edison Ridge	57	1950; 1971		
EDWARD GERMAN CRESCENT	34	1971		
Edward Street	64	1886; 1905		
Edward VII Avenue	375	1914; 1927; 1933; 1936; 1938; 1946; 1950; 1971		
Edward VII Crescent	49	1933; 1936; 1938; 1946; 1950; 1971		
Edwin Street	221	1890; 1897; 1905; 1914; 1927; 1933; 1936; 1938; 1946; 1950; 1971		
Elaine Crescent	108	1936; 1938; 1946; 1950; 1971		
Elan Close	38	1971		
Eldon Chambers	1	1905		
Elgar Avenue	192	1946; 1950; 1971		
Elgar Circle	133	1946; 1950; 1971		
Elgar Close	52	1950; 1971		
ELM GROVE	22	1971		
Elysia Street	12	1938; 1946; 1950		
Elysta Street	8	1971		
Emlyn Chambers	15	1890; 1905; 1927; 1938; 1946		
EMLYN CHAMBERS—	11	1890		
Emlyn Sqaure	3	1971		
Emlyn Street	437	1905; 1914; 1927; 1933; 1936; 1938; 1946; 1950; 1971		
Emlyn Terrace	117	1905; 1914; 1933; 1936; 1938		
Emlyn Walk	5	1971		
English Baptist Church	3	1927		
Enville Close	8	1971		
Enville Road	56	1946; 1950; 1971		
Eric Coates Walk	17	1971		
Eric Coats Close	2	1971		
Eschol Close	43	1971		
Essex Street	43	1905; 1914; 1933; 1936; 1938; 1946; 1950; 1971		
Eton Road	385	1897; 1905; 1914; 1933; 1936; 1938; 1946; 1950; 1971		
Evans Street	157	1890; 1897; 1905; 1914; 1933; 1936; 1938; 1946; 1950		
Eveswell Park	151	1905; 1914; 1933; 1936; 1938; 1946		
Eveswell Park Road	26	1950		
Eveswell Street	351	1886; 1890; 1897; 1905; 1914; 1927; 1933; 1936; 1938; 1946; 1950		
Eveswell Terrace	12	1905; 1933; 1936; 1938; 1946		
Exchange Chambers	1	1933		
EXCHANGE CHAMBERS—	25	1890		
Exchange Road	1	1933		
Exeter Road	112	1897; 1905; 1914; 1927; 1933; 1936; 1938; 1946; 1950; 1971		
Exeter Street	278	1897; 1905; 1914; 1927; 1933; 1936; 1938; 1946; 1950; 1971		
F	3	1927		Investigate
Factory Road	92	1897; 1905; 1914; 1927; 1933; 1936; 1938; 1946; 1950; 1971		
Fair Oak Lane	3	1971		
Fair Oak Terrace	393	1886; 1897; 1905; 1914; 1933; 1936; 1938; 1946; 1950; 1971		
Fairfax Road	361	1914; 1927; 1933; 1936; 1938; 1946; 1950; 1971		
Fairfax Street	8	1905		
Fairoak Avenue	611	1886; 1897; 1905; 1914; 1927; 1933; 1936; 1938; 1946; 1950; 1971		
Fairways	1	1950		
Faraday	1	1950		
Farm Cottages	6	1933		
Farnaby Close	24	1971		
Faulkner Road	288	1890; 1897; 1905; 1914; 1927; 1933; 1936; 1938; 1946; 1950; 1971		
Feering Street	568	1905; 1914; 1927; 1933; 1936; 1938; 1946; 1950; 1971		
Fern Rise	247	1971		
Fibbank Crescent	21	1938		
FICE T. &	69	1927		Fair Oak Terrace
Fields Crescent Road	9	1897		
Fields Park Avenue	236	1905; 1914; 1927; 1933; 1936; 1938; 1946; 1950		
Fields Park Crescent	25	1905; 1914; 1927; 1933; 1936; 1938; 1946; 1950		
Fields Park Road	480	1897; 1905; 1914; 1933; 1936; 1938; 1946; 1950		
Fields Road	522	1897; 1905; 1914; 1933; 1936; 1938; 1946; 1950; 1971		
Filey Road	82	1914; 1933; 1936; 1938; 1946; 1950; 1971		
Firbank Avenue	106	1938; 1946; 1950; 1971		
Firbank Crescent	82	1946; 1950; 1971		
Fire Station Cottages	5	1933		
Fire Station Flats	4	1933		
FISHER CLOSE	37	1971		
Fleming Close	18	1950; 1971		
FLINT CLOSE	9	1971		
Ford Street	432	1897; 1905; 1914; 1933; 1936; 1938; 1946; 1950; 1971		
FOREST CLOSE	18	1971		
Fosse Road	34	1971		
Fothergill Place	1	1914		
Fothergill Street	60	1905; 1914; 1933; 1936; 1938; 1946; 1950; 1971		
Fotheringham Place	111	1933; 1936; 1938; 1946; 1950		
Francis Street	131	1876; 1878; 1886; 1897; 1905; 1914; 1933; 1936; 1938; 1946; 1950; 1971		
FRANCIS' DYE WORKS	2	1927		Fair Oak Terrace
FRANCIS' DYE WORKS. ESTAB. 1890	346	1927		Fair Oak Terrace
FRANCIS’ DYE WORKS. ESTAB. 1890	54	1927		Fair Oak Terrace
Frank Street	149	1897; 1905; 1914; 1933; 1936; 1938; 1946; 1950; 1971		
Frederick Street	314	1878; 1897; 1905; 1914; 1933; 1936; 1938; 1946; 1950; 1971		
FRIAR's FIELDS	101	1887		
Friar's Road	6	1886		
Friars Chambers	5	1905; 1936; 1938; 1946		
Friars Crescent	73	1936; 1938; 1946; 1950; 1971		
Friars Fields	4	1876; 1878		
Friars Road	328	1876; 1878; 1897; 1905; 1914; 1927; 1933; 1936; 1938; 1946; 1950; 1971		
Friars Street	128	1897; 1905; 1914; 1927; 1933; 1936; 1938; 1946; 1950; 1971		
Frobisher Road	67	1938; 1946; 1950		
FROHERBIER ROAD	27	1971		
Frome Walk	128	1971		
FULFORD's	25	1890		
Fulford's Cottages	10	1886; 1933; 1936; 1938; 1946		
Fulfords Cottages	1	1905		
G	230	1927		Investigate
G.W.R. INSTITUTE	6	1927		Investigate
Gaer Fach	29	1933; 1936; 1938; 1946		
Gaer Park Avenue	521	1933; 1936; 1938; 1946; 1950; 1971		
Gaer Park Crescent	52	1933; 1936		
Gaer Park Drive	804	1933; 1936; 1938; 1946; 1950; 1971		
Gaer Park Hill	120	1933; 1936; 1938; 1946; 1950; 1971		
Gaer Park Lane	200	1933; 1936; 1938; 1946; 1950; 1971		
Gaer Park Parade	59	1933; 1936; 1938; 1946; 1950; 1971		
Gaer Park Road	503	1933; 1936; 1938; 1946; 1950; 1971		
Gaer Road	128	1933; 1938; 1946; 1950; 1971		
Gaer Street	113	1897; 1905; 1914; 1927; 1933; 1938; 1946; 1950; 1971		
GAINEY's COURT	12	1887		
Gainsborough Drive	98	1971		
Garden Lane	2	1897		
Garth Terrace	7	1933		
GARTH TERRACE—	14	1890		
Gaskell Street	233	1905; 1914; 1927; 1933; 1938; 1946; 1950; 1971		
George Street	839	1876; 1878; 1897; 1905; 1914; 1927; 1933; 1938; 1946; 1950; 1971		
George Street (Lower)	21	1876		
George's Buildings	12	1886		
Gibb's Road	39	1971		
Gibbs Road	605	1897; 1905; 1914; 1927; 1933; 1936; 1938; 1946; 1950		
Gilbert Close	34	1971		
Glanmor Crescent	332	1971		
Glasllwch Crescent	121	1933; 1950		
Glasllwch Lane	264	1927; 1933; 1936; 1938; 1946; 1950; 1971		
Glassworks Cottages	247	1897; 1905; 1914; 1927; 1933; 1936; 1938; 1946; 1950; 1971		
Glebe Street	447	1886; 1897; 1905; 1914; 1927; 1933; 1936; 1938; 1946; 1950		
Glo'ster Place	26	1878; 1886; 1936		
Glo'ster Street	43	1878; 1886; 1936; 1946		
Globe Cottages	2	1886		
Glos'Terrace Place	10	1946		Investigate
Gloster Place	41	1905; 1933; 1938; 1950		
Gloster Street	75	1905; 1933; 1938; 1950; 1971		
Gloucester Chambers	14	1905; 1927; 1938; 1946		
Gloucester Place	20	1897; 1914		
Gloucester Street	21	1897; 1914		
GLO’STER PLACE	11	1927		
GLO’STER STREET	10	1927		
Godfrey Road	293	1897; 1905; 1914; 1927; 1933; 1936; 1938; 1946; 1950		
Gold Tops	312	1876; 1878; 1897; 1905; 1914; 1933; 1936; 1938; 1946; 1950		
Goldsmith Close	4	1950		
Goodrich Crescent	678	1905; 1914; 1933; 1936; 1938; 1946; 1950; 1971		
Goosens Close	43	1971		
Gordon Street	568	1886; 1897; 1905; 1914; 1933; 1936; 1938; 1946; 1950; 1971		
Gore Street	170	1890; 1897; 1905; 1914; 1933; 1936; 1938; 1946; 1950; 1971		
Gothic Villas	99	1890; 1927; 1933		
Goya CLose	13	1971		
Grafton Joinery	5	1971		
Grafton Road	278	1905; 1914; 1927; 1933; 1936; 1938; 1946; 1950; 1971		
Graham Bell Close	20	1971		
Graham Street	761	1876; 1878; 1886; 1890; 1897; 1905; 1914; 1927; 1933; 1936; 1938; 1946; 1950; 1971		
Graig Park Avenue	253	1936; 1938; 1946; 1950; 1971		
Graig Park Circle	418	1936; 1938; 1946; 1950; 1971		
Graig Park Hill	172	1936; 1938; 1946; 1950; 1971		
Graig Park Lane	216	1936; 1938; 1946; 1950; 1971		
Graig Park Parade	147	1936; 1938; 1946; 1950; 1971		
Graig Park Road	224	1936; 1938; 1946; 1950; 1971		
Graig Park Villas	212	1936; 1938; 1946; 1950; 1971		
Graig Wood Close	128	1971		
Granville Lane	17	1971		
Granville Square	238	1897; 1905; 1914; 1927; 1933; 1936; 1938; 1946; 1950; 1971		
Granville Street	281	1897; 1905; 1914; 1927; 1933; 1936; 1938; 1946; 1950; 1971		
Greene Close	139	1971		
Greenfield Hill	1	1886		
Greenmeadow Avenue	134	1933; 1936; 1938; 1946; 1950		
Greenmeadow Road	103	1927; 1933; 1936; 1938; 1946; 1950		
Grenville Square	24	1886		
Grenville Street	121	1876; 1878; 1886		
GRIFFIN	16	1927		
Griffin Chambers	4	1927		
Griffin Street	241	1897; 1905; 1914; 1927; 1933; 1936; 1938; 1946; 1950		
Griffiths Street	2	1905; 1938		
Groves Road	52	1946; 1950		
Guardians' Offices	52	1927		
GUILDHALL CHAMBERS—	18	1890		
Gymnasium	6	1927		
H	53	1927		Investigate
Haisbro Avenue	206	1933; 1936; 1938; 1946; 1950; 1971		
Haldane Place	38	1950; 1971		
Halle Close	14	1971		
Halstead Street	675	1897; 1905; 1914; 1927; 1933; 1936; 1938; 1946; 1950; 1971		
Hamilton Street	318	1914; 1933; 1936; 1938; 1946; 1950; 1971		
Hampden Road	346	1933; 1936; 1938; 1946; 1950; 1971		
Hampshire Avenue	27	1971		
Hampshire Close	8	1971		
Hampshire Cresent	40	1971		
HAMPTON PLACE.—	11	1890		
Handel Close	53	1971		
Handsworth Street	52	1905; 1914; 1933; 1936; 1938; 1946; 1950; 1971		
HARDING AVENUE	21	1971		
Hardy Close	30	1950; 1971		
HARGREAVES DRIVE	39	1971		
Harrhy Street	47	1905; 1914; 1936; 1938; 1946; 1971		
HARROGATE ROAD	22	1971		
Harrow Road	514	1905; 1914; 1927; 1933; 1936; 1938; 1946; 1950; 1971		
Harvey Close	4	1950; 1971		
Hathaway Street	42	1946; 1950; 1971		
Havelock Street	54	1876; 1886; 1897; 1905; 1914; 1933; 1936; 1938; 1946; 1950; 1971		
Hawarden Road	216	1933; 1936; 1938; 1946; 1950; 1971		
Hawkes Close	5	1971		
Hawkins Crescent	14	1971		
Hawthorn Avenue	301	1933; 1936; 1938; 1946; 1950		
Hawthorn Fosse	97	1927; 1933; 1936; 1938; 1946; 1950; 1971		
Hawthorn Square	162	1927; 1933; 1936; 1938; 1946; 1950; 1971		
Hawthorne Avenue	472	1914; 1971		
Hazlitt Close	8	1950		
Heather Road	388	1927; 1933; 1936; 1938; 1946; 1950		
Henry Street	914	1886; 1897; 1905; 1914; 1927; 1933; 1938; 1946; 1950; 1971		
Henry Wood Close	62	1950; 1971		
Henson Street	305	1914; 1927; 1933; 1936; 1938; 1946; 1950; 1971		
Herbert Road	13	1950; 1971		
Herbert Street	363	1876; 1897; 1905; 1914; 1927; 1933; 1936; 1938; 1946; 1950; 1971		
Hereford Place	24	1878; 1886; 1905; 1936; 1938; 1946		
Hereford Street	454	1890; 1897; 1905; 1914; 1933; 1936; 1938; 1946; 1950; 1971		
Hertford Place	111	1933; 1936; 1938; 1946; 1950; 1971		
Hewertson Street	837	1905; 1914; 1927; 1933; 1936; 1938; 1946; 1950; 1971		
HIGH ST. CHAMBERS—	24	1890		
High Street	1499	1876; 1878; 1890; 1897; 1905; 1914; 1927; 1933; 1936; 1938; 1946; 1950; 1971		
Highbury Chambers	90	1905; 1927; 1933; 1938; 1946; 1971		
Highcroft Road	78	1933; 1936; 1938; 1946; 1950; 1971		
Highcross Drive	62	1946; 1950; 1971		
Highcross Lane	98	1946; 1950; 1971		
Highfield Road	56	1938; 1946; 1950; 1971		
Highweek Terrace	18	1927; 1933		
HIGHWEEK TERRACE—	3	1890		
Hill Street	465	1876; 1878; 1897; 1905; 1914; 1933; 1936; 1938; 1946; 1950; 1971		
HILLMINSTER TERRACE—	5	1890		
Hillview Crescent	101	1971		
Hobart Close	13	1971		
Hogarth Close	23	1971		
Holbein Road	9	1971		
Hollybush Avenue	46	1971		
Hollybush Close	24	1971		
Holst Close	27	1971		
Homfray Street	4	1897		
Hood Road	37	1971		
Hopefield	173	1878; 1886; 1897; 1905; 1914; 1933; 1936; 1938; 1946; 1950; 1971		
Hopkins Walk	11	1971		
Horrocks Close	24	1971		
Hoskins Street	686	1897; 1905; 1914; 1933; 1936; 1938; 1946; 1950; 1971		
HOUSE	2	1927		Investigate
Hove Avenue	221	1946; 1950; 1971		
Howard Close	34	1971		
Howe Circle	32	1971		
Howe Street	30	1927		
Hubert Road	282	1914; 1933; 1936; 1938; 1946; 1950; 1971		
Humber Close	27	1971		
Humber Road	53	1971		
Huxley Green	27	1950; 1971		
Ifton Street	217	1905; 1914; 1927; 1933; 1936; 1946; 1950; 1971		
Imperial Chambers	4	1933; 1938; 1946		
Inkerman Street	6	1878		
Inner Circle	21	1927; 1933		
Isca Terrace	2	1876		
Island Site	10	1933		
Itchen Close	20	1971		
Itchen Road	6	1971		
Ivor Street	100	1876; 1878; 1897; 1905; 1914; 1927; 1933; 1938; 1946; 1950; 1971		
Ivy Road	24	1927; 1936; 1971		
Jackson Place	207	1914; 1927; 1933; 1936; 1938; 1946; 1950; 1971		
James Street	246	1878; 1886; 1897; 1905; 1914; 1927; 1933; 1938; 1946; 1950; 1971		
Jane Austen Close	12	1971		
Jane Austin Close	10	1950		
Japonica Close	23	1971		
Jayne's Buildings	106	1878; 1886; 1905; 1914; 1933; 1936; 1938; 1946; 1950; 1971		
Jeddo Street	1062	1878; 1886; 1897; 1905; 1914; 1933; 1936; 1938; 1946; 1950; 1971		
Jeffrey Street	941	1905; 1914; 1933; 1936; 1938; 1946; 1950; 1971		
Jellicoe Close	24	1971		
JENKINS	8	1971		Investigate
Jenkins Street	345	1897; 1905; 1914; 1927; 1933; 1938; 1946; 1950; 1971		
Jervis Walk	14	1971		
Jewell Lane	4	1971		
JEWELLERS	12	1971		Investigate
Joen Ireland Close	94	1971		
John Bull Close	21	1971		
John Field Walk	10	1971		
John Frost Square	13	1971		
John Street	19	1886; 1897; 1905; 1914; 1927; 1933; 1938; 1946; 1950; 1971		
Jones Street	729	1876; 1886; 1897; 1905; 1914; 1927; 1933; 1938; 1946; 1950; 1971		
Jones's Cottages	2	1933		
Joyce Close	57	1971		
JUBILEE TERRACE.—	70	1890		
Junction Road	122	1897; 1905; 1914; 1927; 1933; 1938; 1946; 1950; 1971		
Junction Street	8	1876		
Kear Street	9	1886; 1950; 1971		
Keats Close	6	1971		
Keene Street	131	1905; 1914; 1927; 1933; 1938; 1946; 1950; 1971		
Kelly Road	15	1971		
Kelvedon Street	72	1905; 1914; 1927; 1933; 1938; 1946; 1950; 1971		
Kelvin Chambers	6	1927; 1933		
Kelvin Close	14	1950		
Kenilworth Road	217	1905; 1914; 1927; 1933; 1938; 1946; 1950; 1971		
Kensington Grove	91	1905; 1914; 1927; 1933; 1938; 1946; 1950; 1971		
Kensington Place	413	1876; 1897; 1905; 1914; 1927; 1933; 1938; 1946; 1950; 1971		
KENSINGTON TERRACE.—	90	1890		
Keynsham Avenue	264	1927; 1933; 1936; 1938; 1946; 1950; 1971		
Keyse's Buildings	2	1886		
Kimberley Terrace	137	1927; 1933		
King Street	109	1886; 1897; 1905; 1914; 1927; 1933; 1938; 1946; 1950; 1971		
King's Chambers	2	1938; 1946		
King's Parade	84	1927; 1933; 1938; 1946; 1950; 1971		
Kings Parade	70	1876; 1897; 1905; 1914		
Kingshill	11	1897; 1905; 1914; 1933; 1936; 1938		
Kingsland Terrace	15	1905; 1927; 1933		
KINGSM	10	1927		Investigate
Kingsmill Gardens	18	1897; 1927; 1933		
Kingsmill Terrace	133	1876; 1886; 1897; 1905; 1914; 1933; 1936; 1938; 1946; 1950; 1971		
Kingston Road	71	1914; 1927; 1933; 1938; 1946; 1950; 1971		
Kingsway	169	1938; 1946; 1950; 1971		
Kipling Hill	5	1950		
Kirby Street	98	1886; 1897; 1905; 1914; 1933; 1938; 1946; 1950		
KLEINSTEIN	1	1927		Investigate
L.D	6	1971		
LAAS CLOSE	11	1971		Investigate
Laburnam Cottages	3	1933		
Ladyhill	3	1933		
Ladyhill Green	20	1971		
Ladyhill Road	20	1971		
Lamb Close	85	1950; 1971		
Lamb Cottages	1	1886		
Lambert Close	46	1971		
Lambert Street	447	1897; 1905; 1914; 1933; 1938; 1946; 1950; 1971		
Lambourne Crescent	22	1971		
Lambourne Walk	6	1971		
Lambourne Way	51	1971		
Landseer Close	96	1971		
Lansdowne Cottages	2	1886		
Lansdowne Place	2	1886		
Lansdowne Road	70	1971		
Larch Grove	48	1971		
Laurel Crescent	32	1971		
Lawn Terrace	21	1905; 1933; 1938; 1946		
Lawrence Hill	28	1897; 1905; 1914; 1933; 1938; 1946; 1950		
Lawrence Hill Avenue	41	1971		
Lawson Terrace	2	1886; 1905		
LAWSON TERRACE—	141	1890		
Leicester Road	435	1886; 1897; 1905; 1914; 1927; 1933; 1938; 1946; 1950; 1971		
Lennard Street	347	1897; 1905; 1914; 1927; 1933; 1938; 1946; 1950; 1971		
LEWIS	1	1927		Investigate
Lewis Street	1098	1876; 1897; 1905; 1914; 1927; 1933; 1938; 1946; 1950; 1971		
Lewis Street (Upper)	7	1876		
Libeneth Road	438	1897; 1905; 1914; 1927; 1933; 1936; 1938; 1946; 1950; 1971		
Lilleshall Street	208	1905; 1914; 1927; 1933; 1936; 1938; 1946; 1950; 1971		
Lime Crescent	395	1927; 1933; 1936; 1938; 1946; 1950; 1971		Street is now Aberthaw Road. Add marker to Lime Crescent to indicate it used to be Lime Crescent.
Lime Street	927	1886; 1897; 1905; 1914; 1927; 1933; 1936; 1938; 1946; 1950; 1971		
Lincoln Close	12	1950; 1971		
Linden Road	162	1914; 1927; 1933; 1936; 1938; 1946; 1950; 1971		
Linley Close	88	1971		
Linton Street	81	1905; 1914; 1927; 1933; 1936; 1938; 1946; 1950; 1971		
Liscombe Street	452	1905; 1914; 1927; 1933; 1936; 1938; 1946; 1950; 1971		
Lister Green	33	1950; 1971		
Livale Close	15	1971		
Livale Court	37	1971		
Livale Road	77	1971		
Liverpool Street	137	1905; 1914; 1927; 1933; 1936; 1938; 1946; 1950; 1971		
Livingstone Place	516	1886; 1897; 1905; 1914; 1927; 1933; 1936; 1938; 1946; 1950; 1971		
Livingstone Street	10	1876		
Llanarth Chambers	1	1933		Investigate
Llanarth Street	282	1876; 1897; 1905; 1914; 1927; 1933; 1938; 1946; 1950; 1971		
Llandaff Street	35	1897; 1905; 1914; 1927; 1933; 1936; 1938; 1946; 1950; 1971		
Llanover Close	90	1971		
Llanthewy Road	788	1897; 1905; 1914; 1927; 1933; 1936; 1938; 1946; 1950; 1971		
Llanthewy Road Baptist Church	22	1927		
Llanvair Road	212	1905; 1914; 1927; 1933; 1936; 1938; 1946; 1950; 1971		
Llanvair Street	10	1897		
Llanvapley Road	1	1927		
Llanwern Road	83	1946; 1971		
Llanwern Street	340	1905; 1914; 1933; 1936; 1938; 1946; 1950; 1971		
Llewellin Street	166	1914; 1933; 1936; 1938; 1946; 1950; 1971		
Llewellin Terrace	23	1905		
Lliswerry	108	1890; 1897; 1905; 1914		
Lliswerry Road	1122	1914; 1927; 1933; 1936; 1938; 1946; 1950; 1971		
Llivale Walk	9	1971		
Lloyd Road	18	1971		
Lloyd Street	288	1905; 1914; 1933; 1936; 1938; 1946; 1950; 1971		
Lloyd's Bank Chambers	3	1905; 1938; 1946		
Llwynderi Road	76	1914; 1927; 1933; 1936; 1938; 1946; 1950		
LOCK STREET	16	1890		
Locke Street	265	1897; 1905; 1914; 1927; 1933; 1936; 1938; 1946; 1950; 1971		
Lodden Close	12	1971		
London Street	553	1890; 1897; 1905; 1914; 1933; 1936; 1938; 1946; 1950; 1971		
London Wharf	1	1933		
LONG GREEN	11	1971		
Lord Street	153	1886; 1890; 1897; 1905; 1914; 1927; 1933; 1936; 1938; 1946; 1950; 1971		
LOWER CROSS STREET	31	1890		
Lower George Street	42	1876; 1890		
Lucas Street	542	1890; 1897; 1905; 1914; 1927; 1933; 1936; 1938; 1946; 1950; 1971		
Lyndhurst Avenue	201	1936; 1938; 1946; 1950		
Lyne Road	408	1897; 1905; 1914; 1933; 1936; 1938; 1946; 1950; 1971		
M	22	1971		
M.O. & T..B. & A. &	9	1927		Investigate
Macarthys Court	21	1886; 1897; 1905; 1914; 1933		
Macauley Gardens	8	1950		
Maddox Close	3	1936; 1938; 1946		
MAESGLAS	57	1971		Investigate
Maesglas Avenue	894	1933; 1936; 1938; 1946; 1950; 1971		
Maesglas Crescent	1114	1933; 1936; 1938; 1946; 1950; 1971		
Maesglas Grove	446	1938; 1946; 1950; 1971		
Maesglas Road	842	1933; 1936; 1938; 1946; 1950; 1971		
Maesglas Street	99	1933; 1936; 1938; 1946; 1950; 1971		
Magnolia Close	14	1971		
Magor Street	669	1905; 1914; 1927; 1933; 1936; 1938; 1946; 1950; 1971		
Maindee Hall Flats	131	1927; 1933		
Maindee Lawn Villas	6	1927; 1933		
Maindee Municipal Buildings	3	1927		
Maindee Parade	923	1886; 1897; 1905; 1914; 1927; 1933; 1936; 1938; 1946; 1950; 1971		
Maindee Place	2	1876		
Maindee Schools	16	1927		
Malcolm Sargent Close	67	1971		
Malpas	24	1876		
Malpas Road	2496	1886; 1897; 1905; 1914; 1927; 1933; 1936; 1938; 1946; 1950		
Malvern Road	1	1936		
Manchester Street	401	1897; 1905; 1914; 1933; 1936; 1938; 1946; 1950; 1971		
Manley Road	122	1897; 1905; 1914; 1933; 1936; 1938; 1946; 1950		
Mansel Street	166	1905; 1933; 1936; 1938; 1946; 1950; 1971		
Mansell Street	23	1914		
Maple Avenue	289	1933; 1936; 1938; 1946; 1950; 1971		
Marconi Close	13	1950; 1971		
Margaret Avenue	241	1936; 1938; 1946; 1950; 1971		
Marion Street	708	1897; 1905; 1914; 1933; 1936; 1938; 1946; 1950; 1971		
Market (Provision)	766	1914; 1927; 1933; 1936; 1938; 1946; 1950; 1971		
Market (Provision) Annexe	18	1933; 1938		
Market Arcade	145	1936; 1971		
MARKET HOUSE	2	1887		
Market Street	347	1876; 1887; 1897; 1905; 1914; 1927; 1933; 1936; 1938; 1946; 1950; 1971		
Marlborough Road	695	1905; 1914; 1927; 1933; 1936; 1938; 1946; 1950; 1971		
Marlowe Gardens	11	1950; 1971		
Marshes Road	46	1876		
Marshfield Street	482	1914; 1933; 1936; 1938; 1946; 1950; 1971		
Masefield Vale	109	1950; 1971		
Maugham Close	10	1971		
Maughan Close	7	1950		
May Street	71	1905; 1914; 1933; 1936; 1938; 1946; 1950; 1971		
Meads Close	27	1971		
Medlock Close	1	1971		
Medlock Walk	1	1971		
Medway Close	28	1971		
Medway Court	35	1971		
Medway Road	146	1971		
Melbourne Way	150	1971		
Melfort Road	312	1936; 1938; 1946; 1950; 1971		
Mellon Square	17	1886; 1897		
Mellon Street	312	1876; 1878; 1897; 1905; 1914; 1933; 1936; 1938; 1946; 1950; 1971		
Melton Terrace	14	1905; 1933		
Mendalgief Road	688	1886; 1897; 1905; 1914; 1927; 1933; 1936; 1938; 1946; 1950; 1971		
Meon Close	29	1971		
Mercantile Chambers	1	1933		
Merchant Street	72	1878; 1897; 1905; 1914; 1933; 1938; 1946		
Merchant Street (Upper)	7	1876		
MERCHANTS	8	1971		Investigate
Meredith Close	12	1971		
Merlin Crescent	234	1936; 1938; 1946; 1950; 1971		
Merriott's Place	24	1936; 1971		
Merriotts Place	103	1886; 1897; 1905; 1914; 1933; 1938; 1946; 1950		
Mersey Walk	21	1971		
Methuen Road	265	1914; 1927; 1933; 1936; 1938; 1946; 1950; 1971		
Metropolitan Bank Chambers	3	1905; 1938; 1946		
Midland Bank Chambers	4	1905; 1927; 1938; 1946		
Mile End Terrace	4	1876; 1927		
Mill Parade	493	1876; 1878; 1897; 1905; 1914; 1927; 1933; 1936; 1938; 1946; 1950; 1971		
Mill Street	322	1876; 1897; 1905; 1914; 1927; 1933; 1936; 1938; 1946; 1950; 1971		
Milman Street	504	1897; 1905; 1914; 1927; 1933; 1936; 1938; 1946; 1950; 1971		
Milner Street	320	1905; 1914; 1927; 1933; 1936; 1938; 1946; 1950; 1971		
Milton Road	287	1936; 1938; 1946; 1950; 1971		
Mole Close	31	1971		
Monet Cresent	16	1971		
Monnow Walk	158	1971		
Monnow Way	483	1971		
Montgomery Road	110	1971		
Montreal Close	8	1971		
Moore Crescent	20	1971		
Moorland Avenue	116	1938; 1946; 1950; 1971		
Morden Lane	4	1971		
Morden Road	728	1897; 1905; 1914; 1927; 1933; 1938; 1946; 1950; 1971		
Moreland Avenue	28	1936		
Morgan Street	245	1876; 1886; 1897; 1905; 1927; 1933; 1936; 1938; 1946; 1950; 1971		
Morley Close	33	1971		
Morris Street	405	1897; 1905; 1914; 1927; 1933; 1936; 1938; 1946; 1950; 1971		
MORTON WAY	15	1971		
Mount Bax	47	1950; 1971		Investigate
Mount Pleasant	16	1876; 1878		
MOUNTBATTEN CLOSE	42	1971		
Mountjoy Place	256	1876; 1886; 1897; 1905; 1914; 1927; 1933; 1936; 1938; 1946; 1950; 1971		
Mountjoy Road	171	1876; 1897; 1905; 1914; 1927; 1933; 1936; 1938; 1946; 1950; 1971		
Mountjoy Street	160	1876; 1886; 1897; 1905; 1914; 1927; 1933; 1936; 1938; 1946; 1950; 1971		
MOURING ORDERS PROMPTLY ATTENDED TO	59	1927		Investigate
Moxon Road	15	1971		
Mulcaster Avenue	22	1971		
Mullock's Court	23	1878		
Munnings Drive	60	1971		
Myra Hess Close	27	1971		
Myrtle Grove	89	1927; 1933; 1936; 1938; 1946; 1950; 1971		
Nant Coch Drive	9	1971		
Nant Coch Hill	205	1933; 1936		
Nash Grove	73	1971		
Nash Road	1068	1897; 1905; 1914; 1927; 1933; 1936; 1938; 1946; 1950; 1971		
National Buildings	81	1933; 1971		
National Buildings Flats	7	1933		
Nelson Street	141	1878; 1897; 1905		
Neptune Lane	3	1876		
Neston Road	53	1946; 1950; 1971		
New Cottages	9	1927; 1933		
NEW ENTRANCE—	35	1887		
New Pastures	15	1971		
New Ruperra Street	68	1876; 1897; 1914; 1933; 1936; 1938; 1946; 1950; 1971		
New Street	260	1876; 1886; 1897; 1905; 1914; 1933; 1936; 1938; 1946; 1950; 1971		
Newman Close	53	1971		
Newport Arcade	34	1927; 1936; 1971		
Newport Corporation	293	1971		
Newport Corporation Market	115	1905		
Newport House	78	1971		
NEWPORT STREET	70	1890		
NEWPORT STREET LIST	9312	1887; 1890		
Newton Way	53	1950; 1971		
Nicholas Cottages	2	1933		
Nidd Close	15	1971		
Nidd Walk	6	1971		
Norfolk Road	135	1927; 1933; 1936; 1938; 1946; 1950; 1971		
North Street	583	1876; 1897; 1905; 1914; 1933; 1936; 1938; 1946; 1950; 1971		
Northumberland Road	53	1933; 1936; 1938; 1946; 1950; 1971		
Norvic Chambers	3	1933		
Novello Walk	11	1971		
Oak Street	217	1897; 1905; 1914; 1933; 1936; 1938; 1946; 1950; 1971		
Oak Terrace	26	1897; 1905; 1914		
Oakfield Gardens	126	1971		
Oakfield Road	510	1914; 1933; 1936; 1938; 1946; 1950		
Oaklands Road	14	1927; 1933; 1938; 1971		
Oakley Street	496	1905; 1914; 1927; 1933; 1936; 1938; 1946; 1950; 1971		
Oaks Close	30	1938; 1946; 1950; 1971		
Oddment Shop	56	1971		
OFFICE	32	1927		Investigate
OFFICE.O.,& S.B.&A.&	48	1927		Investigate
Ogmore Crescent	50	1971		
Old Cardiff Road	41	1950; 1971		
Old Green	7	1876		
Old Hill	11	1971		
Old Hill Crescent	53	1971		
Oliphant Circle	104	1971		
OLIVER (R. GOR	7	1971		Investigate
Oliver Road	315	1933; 1936; 1938; 1946; 1950; 1971		
Ombersley Road	495	1897; 1905; 1914; 1927; 1933; 1936; 1938; 1946; 1950; 1971		
Orchard Street	539	1897; 1905; 1914; 1927; 1933; 1936; 1938; 1946; 1950; 1971		
Orchard Terrace	10	1933		
ORIEL ROAD	1	1936		
OSBORNE	12	1890		
Osborne Place	66	1927; 1933		
OSBORNE PLACE—	15	1890		
Oswald Road	209	1914; 1927; 1933; 1936; 1938; 1946; 1950; 1971		
Otter Close	20	1971		
Outer Circle	18	1933		
Oxford Street	308	1886; 1897; 1905; 1914; 1933; 1936; 1938; 1946; 1950; 1971		
Palm Square	104	1933; 1936; 1938; 1946; 1950; 1971		
Palmyra Place	120	1876; 1886; 1897; 1905; 1914; 1927; 1933; 1936; 1938; 1946; 1950; 1971		
Pant Road	334	1897; 1905; 1914; 1927; 1933; 1936; 1938; 1946; 1950; 1971		
Parfitt Street	165	1905; 1914; 1927; 1933; 1936; 1938; 1946; 1950; 1971		
Park Avenue	577	1933; 1936; 1938; 1946; 1950; 1971		
Park Close	28	1933; 1938; 1946; 1950; 1971		
Park Crescent	258	1933; 1936; 1938; 1946; 1950; 1971		
Park Drive	593	1933; 1938; 1946; 1950; 1971		
Park Place	14	1876		
Park Square	307	1897; 1905; 1914; 1927; 1933; 1938; 1946; 1950; 1971		
Park Street	57	1876; 1886; 1897; 1905		
Parkfield Place	25	1905; 1914; 1927; 1933; 1936; 1938; 1946; 1950; 1971		
Parret Road	11	1971		
Parret Walk	8	1971		
Parrett Close	35	1971		
Parry Drive	139	1950; 1971		
Patti Close	10	1971		
Pear Tree Cottages	3	1933		
Pembroke Chambers	11	1905; 1927; 1933; 1938; 1946		
Pembroke Grove	27	1971		
Pembroke Terrace	14	1933		
PEMBROKE TERRACE—	31	1890		
Pemrose Cottages	3	1886		
Pencraig Flatts	6	1933		
Penkin Close	8	1971		
Penkin Hill	32	1971		
Penllyn Avenue	320	1905; 1914; 1927; 1933; 1936; 1938; 1946; 1950; 1971		
Penney Crescent	76	1971		
Penrose Street	9	1927		
Pentonville	328	1876; 1886; 1914; 1927; 1933; 1936; 1938; 1946; 1950; 1971		
Penylan Park	13	1933; 1946		
Penylan Road	270	1927; 1933; 1936; 1938; 1946; 1950; 1971		
Penylan Terrace	33	1927; 1933		
Phillip Street	132	1914; 1927; 1933; 1936; 1938; 1946; 1950		
Phillips Street	37	1897; 1905		
PICON	1	1971		Investigate
Pill Mawr Road	167	1936; 1938; 1950		
Pill Recreation Ground	23	1927		
Pillgwenlly Wharf	3	1933		
Pillmawr Road	129	1946; 1971		
Pilton Vale	157	1971		
Pinewood Close	20	1971		
Piper Close	28	1971		
Playford Crescent	98	1971		
PLYMOUTH CRESCENT—	153	1890		
Plymouth Street	17	1886		
Police Flats	76	1927; 1933		
Pont Faen Road	28	1971		
Pool Lane	137	1933; 1950; 1971		
Poplar Cottages	3	1933		
Poplar Road	52	1933; 1936; 1938; 1946; 1950; 1971		
Portland Street	533	1876; 1878; 1897; 1905; 1914; 1927; 1933; 1936; 1938; 1946; 1950; 1971		
Portskewett Street	270	1905; 1914; 1927; 1933; 1936; 1938; 1946; 1950; 1971		
Potter Street	469	1876; 1878; 1887; 1897; 1905; 1914; 1927; 1933; 1936; 1938; 1946; 1950; 1971		
Potter's Parade	37	1878; 1886; 1927; 1933; 1936; 1938; 1946; 1950; 1971		
Potters Parade	21	1876; 1897; 1905; 1914		
Pottery Road	363	1897; 1905; 1914; 1927; 1933; 1936; 1938; 1946; 1950; 1971		
Pottery Terrace	395	1887; 1897; 1905; 1914; 1927; 1933; 1936; 1938; 1946; 1950; 1971		
Powell's Court	3	1933		
Powell's Place	65	1878; 1887; 1927; 1933; 1936; 1938; 1946; 1950; 1971		
Powell's Street	3	1927		
Powells Court	6	1905; 1914		
Powells Place	11	1897; 1905; 1914		
Power Street	650	1887; 1897; 1905; 1914; 1927; 1933; 1936; 1938; 1946; 1950; 1971		
Preston Avenue	726	1897; 1905; 1914; 1927; 1933; 1936; 1938; 1946; 1950; 1971		
Price Street	1050	1887; 1897; 1905; 1914; 1927; 1933; 1936; 1938; 1946; 1950; 1971		
Priestley Close	7	1950		
Prince Street	449	1897; 1905; 1914; 1927; 1933; 1936; 1938; 1946; 1950		
Princes Chambers	1	1933		
Princes Street	14	1886		
Probert Place	3	1938; 1946; 1950		
Prospect Place	6	1876; 1878		
Prospect Street	102	1897; 1905; 1914; 1933; 1936; 1938; 1946; 1950		
Protheroes Row	19	1878; 1886; 1897		
Providence Place	68	1886; 1897; 1905; 1914; 1933; 1936		
PROVIDENCE PLACE—	15	1890		
Pugsley Street	320	1897; 1905; 1914; 1933; 1936; 1938; 1946; 1950; 1971		
Pump Street	34	1905; 1914; 1933; 1936; 1938; 1946; 1950; 1971		
Purcell Square	16	1950; 1971		
Pyne's Court	1	1886		
Quantock Drive	5	1971		
Quebec Close	12	1971		
Queen Street	165	1876; 1878; 1897; 1905; 1914; 1927; 1933; 1936; 1938; 1946; 1950; 1971		
Queen Victoria Memorial Alms Hosues	10	1971		
QUEEN's	5	1890		
Queen's Buildings	20	1878; 1886; 1938; 1946		
QUEEN's BUILDINGS—	17	1887		
Queen's Chambers	75	1927; 1938; 1946; 1971		
Queen's Close	234	1933; 1936; 1938; 1946; 1950; 1971		
Queen's Croft	136	1933; 1936; 1938; 1946; 1950; 1971		
Queen's Hill	522	1933; 1936; 1938; 1946; 1950; 1971		
Queen's Hill Crescent	654	1927; 1933; 1936; 1938; 1946; 1950; 1971		
Queen's Hill Terrace's Hill	4	1933		
QUEEN's HILL TERRACE:	84	1890		
Queens Buildings	1	1905		
Queens Chambers	1	1905		
Queens Hill	134	1897; 1905; 1914		
Queensland Terrace	16	1933		
Quiet Womans Row	18	1876; 1878; 1897		
Quilter Close	14	1971		
Radnor Road	70	1933; 1936; 1938; 1946; 1950; 1971		
Raglan Street	1306	1876; 1878; 1886; 1897; 1905; 1914; 1933; 1936; 1938; 1946; 1950; 1971		
Raglan Street (Upper)	10	1876		
Railway Street	378	1876; 1878; 1886; 1897; 1905; 1914; 1927; 1933; 1936; 1938; 1946; 1950; 1971		
Rankine Close	13	1950; 1971		
Raphael Close	15	1971		
Redbrook Road	70	1938; 1946; 1950; 1971		
Redland Street	1000	1897; 1905; 1914; 1927; 1933; 1936; 1938; 1946; 1950; 1971		
Redvers Street	46	1946; 1950; 1971		
Rees Close	26	1971		
Rees' Buildings	11	1886; 1897		
Reform Buildings	63	1876; 1878; 1886; 1897; 1905; 1914; 1933; 1936		
Refuge Chambers	2	1938; 1946		
REGENT PLACE—	12	1890		
Rembrandt Way	3	1971		
Reynolds CLose	12	1971		
Rhymney Wharf	5	1933		
Ribble Sqaure	23	1971		
Ribble Walk	44	1971		
Richmond Road	496	1905; 1914; 1933; 1936; 1938; 1946; 1950; 1971		
Richmond Terrace	21	1905; 1933		
Ridgeway	492	1936; 1938; 1946; 1950; 1971		
Ridgeway Avenue	286	1933; 1936; 1938; 1946; 1950; 1971		
Ridgeway Close	47	1950; 1971		
Ridgeway Court	15	1971		
Ridgeway Crescent	181	1933; 1936; 1938; 1946; 1950; 1971		
Ridgeway Drive	193	1933; 1936; 1938; 1950; 1971		
Ridgeway Grove	107	1936; 1938; 1946; 1950; 1971		
Ridgeway Hill	154	1950; 1971		
Ridgeway Park Road	113	1936; 1938; 1946; 1950; 1971		
RINGLAND CENTRE	21	1971		
Ringland Circle	208	1971		
Ringland Way	1	1971		
Ringwood Avenue	119	1946; 1950; 1971		
Ringwood Hill	103	1971		
Risca Road	2582	1897; 1905; 1914; 1927; 1933; 1936; 1938; 1946; 1950; 1971		
River Banks	505	1927; 1933; 1936; 1938; 1946		
Riverside	380	1897; 1905; 1914; 1933; 1936; 1938; 1946; 1950; 1971		
Robbins Lane	16	1927; 1971		
Robert Street	582	1886; 1897; 1905; 1914; 1927; 1933; 1936; 1938; 1946; 1950; 1971		
ROBERTSON WAY	32	1971		
Rochester Road	229	1914; 1933; 1936; 1938; 1946; 1950; 1971		
Rock Wharf	4	1933		
Rockfield Parade	4	1927		
Rockfield Road	1	1936		
Rockfield Street	127	1938; 1946; 1950; 1971		
Roding Close	62	1971		
Rodney Boad	40	1938		
Rodney Parade	157	1878; 1886; 1897; 1905; 1914; 1933; 1936; 1938; 1946; 1971		
Rodney Road	190	1905; 1914; 1927; 1933; 1936; 1946; 1950; 1971		
Romney Close	15	1971		
Ronald Road	456	1897; 1905; 1914; 1927; 1933; 1936; 1938; 1946; 1950; 1971		
Rookery (The)	14	1905		
Rose Street	244	1897; 1905; 1914; 1927; 1933; 1936; 1938; 1946; 1950; 1971		
Ross Street	487	1905; 1914; 1927; 1933; 1936; 1938; 1946; 1950; 1971		
Rosslyn Road	396	1914; 1927; 1933; 1936; 1938; 1946; 1950; 1971		
Rother Close	21	1971		
Rothesay Road	254	1927; 1936; 1938; 1946; 1950; 1971		
Rothsay Road	50	1914; 1933		
ROWAN WAY	118	1971		
ROYAL	24	1887		
Royal Air Forces Association	14	1971		
Royal Chambers	3	1938		
Royston Crescent	112	1946; 1950; 1971		
Rubens Close	7	1971		
Rudry Street	246	1897; 1905; 1914; 1927; 1933; 1936; 1938; 1946; 1950; 1971		
Rugby Road	432	1897; 1905; 1914; 1927; 1933; 1936; 1938; 1946; 1950; 1971		
Ruperra Lane	37	1927; 1933; 1938; 1971		
Ruperra Street	493	1876; 1878; 1897; 1905; 1914; 1927; 1933; 1936; 1938; 1946; 1950		
Rupert Brooke Drive	50	1971		
RUSKIN RISE	4	1971		
Russell Drive	103	1950; 1971		
Rutherford Hill	29	1950; 1971		
Rutland Place	124	1886; 1897; 1905; 1914; 1927; 1933; 1936; 1938; 1946; 1950; 1971		
SCARBOROUGH ROAD	19	1971		
Scard Street	93	1897; 1905; 1914; 1933; 1936; 1938; 1946; 1950; 1971		
School Lane	18	1933; 1938; 1946; 1950; 1971		
Scott Close	29	1950; 1971		
Screw Packet Road	55	1876; 1897; 1905; 1914; 1933; 1936; 1938; 1946; 1950; 1971		
Seamoor Terrace	13	1933		
SEAMOOR TERRACE.—	15	1890		
SECOND ROADWAY	13	1890		
SEDGEWAY	1	1971		
Sedgway Parade	1	1971		
Serpentine Road	193	1897; 1905; 1914; 1927; 1933; 1936; 1938; 1946; 1950; 1971		
Severn Terrace	72	1876; 1886; 1905; 1914; 1927; 1933; 1936; 1938; 1946; 1950; 1971		
Severn View	36	1914; 1927; 1933; 1936		
Shaftesbury Street	1338	1897; 1905; 1914; 1927; 1933; 1936; 1938; 1946; 1950; 1971		
Shakespeare Crescent	159	1950; 1971		
Shannon Close	9	1971		
Shannon Road	18	1971		
Shaw Grove	53	1950; 1971		
Shelley Road	24	1933; 1938; 1946; 1950; 1971		
Shifnal Street	2	1927		
Ship Lane	2	1886		
Sickert Close	18	1971		
Sidbury Terrace	22	1927; 1933		
Sidney Street	64	1897; 1905; 1914; 1927; 1933; 1938; 1946; 1950; 1971		
Simpson Close	25	1971		
Sims Square	24	1950; 1971		
Skinner Lane	3	1938; 1946; 1950		
Skinner Street	323	1876; 1897; 1905; 1914; 1927; 1933; 1938; 1946; 1950; 1971		
Skinner Street Chambers	1	1933		
Skinners Row	5	1933; 1971		
Slade Street	91	1905; 1914; 1933; 1936; 1938; 1946; 1950; 1971		
Slipway Cottages	134	1905; 1914; 1927; 1933; 1936; 1938; 1946; 1950; 1971		
Soho Street	60	1927; 1971		
Somerset Road	872	1897; 1905; 1914; 1927; 1933; 1936; 1938; 1946; 1950; 1971		
Somerton	136	1927		
Somerton Crescent	69	1927; 1933; 1936; 1938; 1946; 1950; 1971		
Somerton Gardens Estate	8	1927		
Somerton Lane	8	1933		
Somerton Place	25	1933; 1950		
Somerton Road	1068	1897; 1905; 1914; 1927; 1933; 1936; 1938; 1946; 1950; 1971		
South Market Street	507	1876; 1887; 1897; 1905; 1914; 1933; 1936; 1938; 1946; 1950		
South Quay Flats	10	1933		
Southville Road	103	1914; 1927; 1933; 1936; 1938; 1946; 1950; 1971		
Speedwell Street	45	1876; 1886; 1887; 1897		
Speke Street	78	1886; 1897; 1905; 1914; 1927; 1933; 1936; 1938; 1946; 1950; 1971		
Spencer Road	62	1905; 1914; 1927; 1933; 1936; 1938; 1946; 1950; 1971		
SPINEY	17	1971		Investigate
SPRING	13	1927		Investigate
Spring Garden Institute	15	1927		
Spring Gardens	32	1887; 1897; 1905; 1927; 1936; 1938; 1946		
Spring Street	103	1886; 1905; 1914; 1927; 1933; 1936; 1938; 1946; 1950; 1971		
SPRINGFIELD PREPARATORY SCHOOL	453	1971		Investigate
Spytty Lane	93	1927; 1933; 1936; 1938; 1946; 1950; 1971		
Spytty Road	7	1971		
St. Anne's Crescent	21	1946; 1950; 1971		
St. Bride's Crescent	119	1936; 1938; 1946; 1950; 1971		
St. Edward Street	1213	1876; 1878; 1886; 1897; 1905; 1914; 1927; 1933; 1936; 1938; 1946; 1950; 1971		
St. GEORGE's BUILDINGS	4	1890		
St. John's Road	408	1905; 1914; 1927; 1933; 1936; 1938; 1946; 1950		
St. Julian Street	400	1886; 1897; 1905; 1914; 1927; 1933; 1936; 1938; 1946; 1950		
St. Julian's Avenue	328	1905; 1914; 1927; 1933; 1938; 1946; 1950		
St. Julian's Park	234	1927		
St. Julian's Road	897	1927; 1933; 1936; 1938; 1946; 1950; 1971		
St. LIST	475	1878		Investigate
St. Mark's Crescent	495	1887; 1914; 1927; 1933; 1936; 1938; 1946; 1950; 1971		
St. Mary Street	901	1876; 1887; 1897; 1905; 1914; 1927; 1933; 1936; 1938; 1946; 1950; 1971		
St. Michael Street	366	1897; 1905; 1914; 1927; 1933; 1936; 1938; 1946; 1950; 1971		
St. Stephen's Road	165	1905; 1914; 1927; 1933; 1936; 1938; 1946; 1950		
St. Vincent's Road	325	1905; 1914; 1933; 1936; 1938; 1946; 1950; 1971		
St. Woollos Road	27	1876		
St. Woolos Place	150	1886; 1897; 1905; 1914; 1933; 1936; 1938; 1946; 1950; 1971		
St. Woolos Road	328	1897; 1905; 1914; 1933; 1936; 1938; 1946; 1950; 1971		
Stafford Road	378	1897; 1905; 1914; 1927; 1933; 1936; 1938; 1946; 1950; 1971		
Stanford Road	32	1971		
Stanley Road	80	1897; 1905; 1914; 1933; 1936; 1938; 1946; 1950; 1971		
Star Buildings	9	1933; 1971		
Station Approach	29	1938; 1946		
Station Chambers	4	1933		
Station Street	171	1876; 1897; 1905; 1914; 1927; 1933; 1936; 1938; 1946; 1950; 1971		
Station Yard	3	1876		
Steam Packet Chambers	3	1905; 1927; 1938		
Steer Crescent	14	1971		
Stelvio Park Avenue	117	1938; 1946; 1950; 1971		
Stelvio Park Crescent	32	1950; 1971		
Stelvio Park Drive	254	1938; 1946; 1950; 1971		
Stephenson Street	8	1950; 1971		
Sterndale Road	33	1971		
Stockton Road	985	1914; 1927; 1933; 1936; 1938; 1946; 1950; 1971		
Stow Chambers	3	1905; 1938; 1946		
Stow Hill	1806	1876; 1878; 1887; 1897; 1905; 1914; 1927; 1933; 1936; 1938; 1946; 1950; 1971		
Stow Hill Baptist Church	4	1927		
Stow Hill's Hill (Now Bishopstow)	1	1933		Investigate
Stow Park	37	1876		
Stow Park Avenue	348	1905; 1914; 1927; 1933; 1936; 1938; 1946; 1950		
Stow Park Circle	127	1936; 1938; 1946; 1950		
Stow Park Circus	75	1897; 1905; 1914		
Stow Park Crescent	181	1897; 1905; 1914; 1927; 1933; 1936; 1938; 1946; 1950; 1971		
Stow Park Gardens	56	1890; 1905; 1927; 1933; 1938; 1946		
Stow Park Road	38	1897		
Stow Park Terrace	7	1933		
Stow Passage	32	1897; 1905; 1914; 1933		
Sullivan Circle	35	1971		
Summer Hill Road	33	1897		
Summer Hill Villas	20	1876; 1927; 1933		
SUMMER HILL—	44	1890		
SUMMERHILL AV	92	1971		
Summerhill Avenue	425	1905; 1914; 1927; 1933; 1936; 1938; 1946; 1950		
Surrey Place	98	1927; 1933; 1936; 1938; 1946; 1950; 1971		
Sussex Close	14	1971		
Sutherland Crescent	19	1971		
Sutton Road	812	1897; 1905; 1914; 1927; 1933; 1936; 1938; 1946; 1950; 1971		
Swinburne Close	15	1971		
Sycamore Avenue	550	1927; 1933; 1936; 1938; 1946; 1950; 1971		
Sylvan Close	14	1971		
Talbot Lane	21	1905; 1927; 1933; 1936; 1938; 1946; 1950; 1971		
TALGARTH	196	1890		
Tallis Close	36	1971		
Tamar Close	20	1971		
TAXIS	159	1971		Investigate
TAYLOR	27	1971		Investigate
Tees Close	20	1971		
Temperance Cottages	32	1933		
Temperance Hall	7	1927		
Temple Street	408	1876; 1878; 1886; 1897; 1905; 1914; 1927; 1933; 1936; 1938; 1946; 1950; 1971		
Tennyson Road	548	1933; 1936; 1938; 1946; 1950; 1971		
Thames Close	20	1971		
THE ALBERT	18	1890		
The Bridge	3	1876		
The Camp	4	1933		
The Docks	56	1876		
THE NEW THEATRE	55	1890		
THE NEWPORT STEAM LAUNDRY CO	44	1927		Investigate
THE OLD CEMETERY-PLACE. WOOLOS-ROAD	8	1878		Investigate
The Rookery	14	1897		
THE TABERNACLE	43	1890		
The Town Dock	18	1914		
THE WELSH CALVINISTIC	2	1890		
The Wharfs	55	1897		
THIRD ROADWAY	10	1890		
Thomas Street	63	1876; 1878; 1897; 1905; 1914; 1927; 1933; 1936; 1938; 1946; 1950; 1971		
Thompson Avenue	295	1946; 1950; 1971		
Thompson Close	32	1971		
Thompson Lane	34	1897; 1905; 1914; 1927; 1933		
Tippet Close	23	1971		
Tist Church	147	1927		
Tone Close	60	1971		
Tone Road	52	1971		
Tone Square	19	1971		
Toomb's Court	1	1886		
Toronto Close	12	1971		
Torridge Road	75	1971		
TOWN HALL :	4	1890		
Town Hall Chambers	1	1905		
Transporter Bridge	5	1927		
Traston Road	59	1971		
Tre-Ap-Gwilym	33	1933		Investigate
Treberth	56	1971		
Treberth Estate	353	1946; 1950; 1971		
Tredegar Chambers	4	1886; 1905; 1938; 1946		
TREDEGAR CHAMBERS—	30	1890		
Tredegar Place	51	1876; 1878; 1905; 1933; 1938; 1946		
TREDEGAR PLACE—	126	1887		
Tredegar Street	111	1876; 1878; 1886; 1897; 1914; 1927; 1933; 1936; 1938; 1946; 1950; 1971		
Tregare Street	97	1897; 1905; 1914; 1927; 1933; 1936; 1938; 1946; 1950; 1971		
Trent Road	52	1971		
Trevethick Close	28	1971		
Triley Street	10	1897		
Trinity Place	153	1886; 1897; 1905; 1914; 1927; 1933; 1936; 1938; 1946; 1950; 1971		
Troston Lane	16	1936		
Troston Road	87	1905; 1914; 1927; 1933; 1946		
Trostrey Street	150	1897; 1905; 1914; 1927; 1933; 1936; 1938; 1946; 1950; 1971		
Trostron Road	31	1950		
Tudor Road	214	1933; 1936; 1938; 1946; 1950; 1971		
Tunnel Terrace	569	1876; 1878; 1897; 1905; 1914; 1927; 1933; 1936; 1938; 1946; 1950; 1971		
Turner Street	180	1897; 1905; 1914; 1927; 1933; 1936; 1938; 1946; 1950; 1971		
Tweedy Lane	3	1950; 1971		
Tyllwyd Road	72	1914; 1927; 1933; 1936; 1938; 1946; 1950; 1971		
Tyne Close	13	1971		
UNION	50	1890		
Union Lane	8	1897; 1905; 1914; 1927		
Union Street	172	1876; 1878; 1886; 1897; 1905; 1914; 1927; 1933; 1936; 1938; 1946; 1950		
Upper Alma Street	189	1876; 1878		
Upper Durham Road	1	1905		
Upper Lewis Street	7	1876		
Upper Merchant Street	7	1876		
UPPER PART	38	1890		
Upper Raglan Street	10	1876		
Upton Place	31	1876; 1905; 1927; 1933; 1938; 1946		
Upton Road	348	1897; 1905; 1914; 1927; 1933; 1936; 1938; 1946; 1950; 1971		
Usk Street	539	1897; 1905; 1914; 1927; 1933; 1936; 1938; 1946; 1950; 1971		
Vale View	20	1971		
Van Dyke Close	13	1971		
Vanbrugh Gardens	17	1950; 1971		
Vancouver Drive	71	1971		
Vaughan Cottages	2	1876		
Vaughan Terrace	6	1876; 1886		
VAUGHAN TERRACE—	13	1890		
Vaughan Williams Drive	40	1950		
Vermeer Crescent	21	1971		
Vicarage Hill	63	1927; 1933; 1938; 1946; 1950; 1971		
Vice Station	20	1971		
Victoria Avenue	1182	1897; 1905; 1914; 1927; 1933; 1938; 1946; 1950; 1971		
Victoria Chambers	31	1887; 1905; 1938; 1946		
Victoria Crescent	325	1876; 1897; 1905; 1914; 1927; 1933; 1936; 1938; 1946; 1950; 1971		
VICTORIA HALL	24	1887		
VICTORIA HALL—	183	1887; 1890		
Victoria Lane	83	1905; 1914; 1927; 1933; 1936; 1938; 1946; 1950; 1971		
Victoria Place	325	1876; 1878; 1886; 1897; 1905; 1914; 1927; 1933; 1936; 1938; 1946; 1950; 1971		
Victoria Road	22	1876; 1878; 1886; 1905; 1938; 1946; 1971		
Victoria Square	99	1886; 1905; 1914; 1927; 1933; 1936; 1938; 1946; 1950		
Vine Place	318	1890; 1905; 1914; 1927; 1933; 1936; 1938; 1946; 1950		
Vivian Road	538	1897; 1905; 1914; 1927; 1933; 1936; 1938; 1946; 1950; 1971		
Walford Davies Drive	73	1950; 1971		
Walford Street	577	1905; 1914; 1927; 1933; 1936; 1938; 1946; 1950; 1971		
Wallis Street	152	1905; 1914; 1927; 1933; 1936; 1938; 1946; 1950; 1971		
Walmer Road	381	1905; 1914; 1927; 1933; 1936; 1938; 1946; 1950; 1971		
Walsall Street	578	1905; 1914; 1927; 1933; 1936; 1938; 1946; 1950; 1971		
Walton Close	20	1971		
Ward Close	20	1971		
Warlock Close	20	1971		
Warwick Road	190	1914; 1927; 1933; 1938; 1946; 1950		
Watchhouse Parade	219	1878; 1897; 1905; 1914; 1933; 1938; 1946; 1950		
Watchouse Parade	90	1927; 1971		
Water's Lane	2	1933		
Waterloo Gardens	13	1933		
Waterloo Road	407	1876; 1878; 1887; 1897; 1905; 1914; 1927; 1933; 1936; 1938; 1946; 1950; 1971		
Waterloo Wharf	1	1933		
Waters Cottages	6	1933		
Waters Lane	29	1897; 1905; 1914; 1936; 1938; 1946; 1950; 1971		
Waters' Lane	9	1878; 1886; 1887		
Wavell Drive	49	1971		
Waveney Close	6	1971		
Weare Close	64	1971		
Wedlock's Court	3	1886; 1887		
Wednesbury Street	101	1905; 1914; 1927; 1933; 1936; 1938; 1946; 1950; 1971		
Welden Grange Close	18	1971		
Welland Circle	53	1971		
Welland Crescent	113	1971		
Wellington Road	12	1971		
Wells Close	51	1950; 1971		
Wesley Buildings	4	1933		
Wesley Chambers	10	1905; 1933; 1938; 1946		
Wesley Park Road	20	1971		
Wesley Place	33	1897; 1905; 1914; 1927; 1933; 1936; 1938; 1946; 1950; 1971		
WESLEYAN	5	1890		
West End Buildings	1	1933		
WEST END BUILDINGS—	9	1890		
West Gaer Road	12	1936		
West Market Street	150	1876; 1878; 1887; 1897; 1905; 1914; 1927; 1933; 1936; 1938; 1946; 1950; 1971		
West Park	3	1905; 1938; 1946		
West Park Road	248	1897; 1905; 1914; 1927; 1933; 1938; 1946; 1950		
West Street	551	1876; 1878; 1887; 1897; 1905; 1914; 1927; 1933; 1936; 1938; 1946; 1950; 1971		
Western Avenue	333	1936; 1938; 1946; 1950; 1971		
Western Mail Chambers	4	1927		
Westfield	1	1927		
Westfield Avenue	123	1938; 1946; 1950; 1971		
Westfield Drive	11	1971		
Westfield Road	201	1914; 1927; 1936; 1938; 1946; 1971		
Westfield Road (Clytha Park)	23	1933; 1950		
Westfield Road (Malpas)	64	1938; 1950		
Westfield Way	53	1971		
WESTGATE	177	1890		
Westgate Buildings	4	1933		
Westgate Chambers	6	1886; 1887; 1905; 1938; 1946		
WESTGATE CHAMBERS—	11	1887		
Westminster Bank Chambers	2	1938; 1946		
Westmoor Close	15	1971		
Westville Road	141	1927; 1933; 1936; 1938; 1946; 1950; 1971		
Wharf	2	1971		
Wharf Road	712	1897; 1905; 1914; 1927; 1933; 1936; 1938; 1946; 1950; 1971		
WHARF ROAD TERRACE—	66	1890		
Wharves (The)	205	1878; 1905; 1914		
Wheeler Street	377	1897; 1905; 1914; 1927; 1933; 1936; 1938; 1946; 1950; 1971		
Whitby Place	59	1897; 1905; 1914; 1927; 1933; 1936; 1938; 1946; 1950; 1971		
White Lion Court	11	1927; 1933		
Whitstone Road	568	1905; 1914; 1927; 1933; 1936; 1938; 1946; 1950; 1971		
Whittle Drive	11	1971		
Williams Street	852	1876; 1897; 1905; 1914; 1933; 1936; 1938; 1946; 1950; 1971		
Willow Close	31	1971		
Wilson Road	31	1971		
Wilson Street	161	1905; 1914; 1927; 1933; 1938; 1946; 1950; 1971		
Winchester Chambers	9	1927; 1933		
Windrush Close	77	1971		
Windsor Road	377	1905; 1914; 1927; 1933; 1936; 1938; 1946; 1950; 1971		
Windsor Terrace	232	1876; 1878; 1886; 1897; 1905; 1914; 1927; 1933; 1936; 1938; 1946; 1950; 1971		
Wingate Street	231	1905; 1914; 1927; 1933; 1936; 1938; 1946; 1950; 1971		
Winmill Street	88	1878; 1886; 1897; 1905; 1914; 1927; 1933; 1936; 1938; 1946; 1950; 1971		
Wisteria Close	15	1971		
Witham Street	627	1905; 1914; 1927; 1933; 1936; 1938; 1946; 1950; 1971		
Withey Bed	35	1905; 1914; 1927; 1936; 1938; 1946; 1950; 1971		
WITHEY BED.—	60	1890		
Wolseley Street	537	1878; 1887; 1897; 1905; 1914; 1927; 1933; 1936; 1938; 1946; 1950; 1971		
Woodland Avenue	67	1936		
Woodland Park	23	1886; 1890; 1897; 1905		
Woodland Park Road	319	1914; 1927; 1933; 1936; 1938; 1946; 1950; 1971		
Woodland Road	436	1890; 1897; 1905; 1914; 1927; 1933; 1938; 1946; 1950; 1971		
WOODLAND TERRACE	16	1890		
Woodlands Drive	54	1938; 1946; 1950; 1971		
Woodville Road	234	1927; 1933; 1936; 1938; 1946; 1950; 1971		
Worcester Crescent	88	1946; 1950; 1971		
Worden Road	86	1936		
Wordsworth Road	32	1946; 1950; 1971		
WRINGTON	31	1890		
Wrington Terrace	24	1933		
Wyastone Flats	3	1933		
Wyeverne Road	75	1936; 1938; 1946; 1950		
Wyndham Street	68	1876; 1878; 1886; 1890; 1897; 1905; 1914; 1927; 1933; 1936; 1938; 1946; 1950; 1971		
Wyndham Terrace	28	1878; 1886; 1890		
WYNDHAM TERRACE.—	111	1890		
WYNDHAM TERRACE—	264	1887		
Wyre Crescent	59	1971		
Wyverne Road	18	1927		
Y.M.C.A. BUILDINGS	1	1971		
Yeo Close	31	1971		
YEO ROAD	3	1971		
Yewberry Close	10	1971		
Yewberry Lane	21	1971		
York Place	694	1876; 1878; 1886; 1890; 1897; 1905; 1914; 1927; 1933; 1936; 1938; 1946; 1950; 1971		
York Road	142	1890; 1897; 1905; 1914; 1927; 1933; 1936; 1938; 1946; 1950; 1971		
