Street Name,Record Count,Years,Amendment,Notes
159A-160,66,1936,,Investigate
23-23A,8,1927,,Investigate
35-35A,140,1927; 1936,,Investigate
Abbey Road,38,1946; 1950,,
Aberthaw Road,116,1897; 1905; 1914; 1938; 1946; 1950,,
Acacia Avenue,128,1927; 1933; 1936; 1938; 1946; 1950,,
Acacia Square,74,1927; 1933; 1936; 1938; 1946; 1950,,
Adam Street,51,1927,,
Adelaide Street,194,1897; 1905; 1914; 1933; 1936; 1938; 1946; 1950,,
Adeline Street,570,1886; 1897; 1905; 1914; 1927; 1933; 1936; 1938; 1946; 1950,,
Agincourt Street,365,1905; 1914; 1927; 1933; 1936; 1938; 1946; 1950,,
Ailesbury Street,358,1897; 1905; 1914; 1933; 1936; 1938; 1946; 1950,,
Albany Chambers,3,1905; 1938; 1946,,
Albany Road,1,1905,,Street is now St Vincent's Road. Add marker to St Vincent Road to indicate it used to be Albany Road.
Albany Street,509,1897; 1905; 1914; 1927; 1933; 1936; 1938; 1946; 1950,,
Albany Terrace,49,1914; 1927; 1933; 1936,,
Albert Avenue,836,1897; 1905; 1914; 1927; 1933; 1936; 1938; 1946; 1950,,
Albert Hall Chambers,1,1886,,
Albert Place,6,1876,,
Albert Street,160,1876; 1878; 1886; 1897; 1905; 1914; 1933; 1936; 1938; 1946; 1950,,
Albert Terrace,201,1876; 1878; 1897; 1914; 1933; 1936; 1938; 1946; 1950,,
Albion Chambers,6,1886; 1905; 1927; 1938; 1946,,
Albion Street,357,1876; 1878; 1886; 1897; 1905; 1914; 1933; 1936; 1938; 1946; 1950,,
Alderney Street,40,1905; 1914; 1927; 1933; 1936; 1938; 1946; 1950,,
Alexandra Docks,355,1878; 1897; 1905; 1914; 1927; 1936; 1938; 1946; 1950,,
Alexandra Road,1022,1897; 1905; 1914; 1927; 1933; 1936; 1938; 1946; 1950,,
ALEXANDRA SCHOOL,31,1927,,
Alfred Street,133,1876; 1878; 1897; 1905; 1914; 1927; 1933; 1936; 1938; 1946; 1950,,
Alice Street,490,1886; 1897; 1905; 1914; 1927; 1933; 1936; 1938; 1946; 1950,,
ALLT-Y-YN VIEW,28,1936,,
Allt-Yr-Yn Avenue,512,1927; 1933; 1936; 1938; 1946; 1950,,
Allt-Yr-Yn Close,310,1933; 1936; 1938; 1946; 1950,,
Allt-Yr-Yn Hospital,30,1936,,
Allt-Yr-Yn Road,447,1933; 1936; 1938; 1946; 1950,,
Allt-Yr-Yn View,212,1938; 1946; 1950,,
ALMA ST. BAPTIST CHURCH,74,1927,,
Alma Street,1103,1876; 1878; 1897; 1905; 1914; 1927; 1933; 1936; 1938; 1946; 1950,,
Alma Street (Upper),4,1876,,
Alteryn,108,1878; 1897; 1905; 1914; 1933; 1938; 1946; 1950,,
Alteryn Road,18,1897; 1914,,
Alway Avenue,19,1946,,
Alway Close,25,1946; 1950,,
Alway Crescent,59,1946; 1950,,
Annesley Road,419,1897; 1905; 1914; 1927; 1933; 1936; 1938; 1946; 1950,,
Aragon Street,64,1897; 1905; 1914; 1927; 1933; 1936; 1938; 1946; 1950,,
Arcade,10,1933,,
Arcade (Late Fennell's),15,1933,,
Arcade (The),17,1876; 1886,,
ARCADE (THE),10,1878,,
Arcade Chambers,31,1876; 1878; 1927; 1933,,
ARCADE CHAMBERS—,21,1927,,
Arcades,79,1905; 1936; 1938,,
Arcadia Terrace,39,1927; 1933,,
Archibald Street,648,1897; 1905; 1914; 1927; 1933; 1936; 1938; 1946; 1950,,
Argyle Street,290,1905; 1914; 1927; 1933; 1936; 1938; 1946; 1950,,
Argyll Street,15,1897,,
Arlington Chambers,3,1905; 1938; 1946,,
Arlington Street,33,1897,,
Arlington Terrace,12,1933,,
Arthur Street,336,1886; 1897; 1905; 1914; 1927; 1933; 1936; 1938; 1946; 1950,,
Artillery Place,37,1897; 1905; 1914; 1933; 1936; 1938; 1946,,
Arundel Road,190,1905; 1914; 1933; 1936; 1938; 1946; 1950,,
Ashley Road,85,1933; 1936; 1938; 1946; 1950,,
Aston Crescent,401,1914; 1933; 1936; 1938; 1946; 1950,,
Athletic Club's Office,21,1927,,
Auckland Terrace,3,1905; 1938; 1946,,
Auckland Villas,90,1886; 1905; 1927; 1933; 1938; 1946,,
Austin Friars,45,1876; 1878; 1897; 1905; 1914; 1933; 1936; 1938; 1946,,
Austin Friars Chambers,2,1938; 1946,,
Austin Road,6,1897,,
B 5 & 6,15,1927,,Investigate
Badminton Road,131,1936; 1938; 1946; 1950,,
Bailey Street,596,1876; 1878; 1897; 1905; 1914; 1927; 1933; 1936; 1938; 1946; 1950,,
Baldwin Street,900,1878; 1886; 1897; 1905; 1914; 1927; 1933; 1936; 1938; 1946; 1950,,
Balmoral Road,593,1914; 1927; 1933; 1936; 1938; 1946; 1950,,
Baltic Wharf,2,1933,,
Baneswell,26,1886; 1905; 1946,,
Baneswell (Part Of),9,1876,,
Baneswell Chambers,2,1938; 1946,,
Baneswell Road,285,1876; 1878; 1897; 1905; 1914; 1933; 1936; 1938; 1946; 1950,,
Baneswell Square,10,1897,,
Bank Chambers,23,1876; 1878; 1886; 1905; 1938; 1946,,
Bank Street,149,1897; 1905; 1914; 1933; 1936; 1938; 1946; 1950,,
BAPTIST CHAPEL,17,1927,,
Barnard Street,185,1886; 1897; 1905; 1914; 1927; 1933; 1936; 1938; 1946; 1950,,
BARNARD TOWN SCHOOL,109,1927,,
Barrack Hill,834,1876; 1878; 1886; 1897; 1905; 1914; 1927; 1933; 1936; 1938; 1946; 1950,,
Barrack Lane,59,1878; 1886; 1927; 1933,,
Barthropp Street,201,1905; 1914; 1933; 1936; 1938; 1946; 1950,,
Bassaleg Road,205,1950,,
Bassalleg Road,551,1897; 1905; 1914; 1933; 1936; 1938; 1946,,
Batchelor Road,170,1897; 1905; 1914; 1933; 1936; 1938; 1946; 1950,,
Bath Street,140,1886; 1897; 1905; 1914; 1933; 1936; 1938; 1946; 1950,,
BEAUFORT,2,1927,,
Beaufort Chambers,1,1905,,
Beaufort Place,86,1938; 1946; 1950,,
Beaufort Road,118,1936; 1938; 1946; 1950,,
Beaufort Terrace,6,1933,,
BEAUFORT TERRACE—,32,1936,,
Beaufort Wharf,11,1876,,
Bedford Road,398,1897; 1905; 1914; 1933; 1936; 1938; 1946; 1950,,
Beecham Street,10,1946; 1950,,
Beechcroft Road,122,1936; 1938; 1946; 1950,,
Beechdale Road,186,1933; 1936; 1938; 1946; 1950,,
Beechfield Avenue,44,1946; 1950,,
Beechwood Crescent,166,1933; 1936; 1938; 1946; 1950,,
BEECHWOOD PARK,63,1927,,
Beechwood Road,268,1897; 1905; 1914; 1927; 1933; 1936; 1938; 1946; 1950,,
Belle Vue Lane,2,1886; 1927,,
Belle Vue Terrace,12,1933,,
Belvedere Terrace,296,1876; 1878; 1897; 1905; 1914; 1927; 1933; 1936; 1938; 1946; 1950,,
Belvidere Terrace,10,1886,,
Ben Jonson Way,8,1950,,
Beresford Road,56,1905; 1914; 1927; 1933; 1936; 1938; 1946; 1950,,
Bettws Lane,13,1938; 1946; 1950,,
Bilston Street,44,1905; 1914; 1927; 1933; 1936; 1938; 1946; 1950,,
Bishop Street,370,1878; 1897; 1905; 1914; 1927; 1933; 1936; 1938; 1946; 1950,,
Bishopgate Parade,27,1876; 1878; 1886; 1897; 1905; 1914,,
BISHOPSGATE PARADE,4,1927,,
Bishopstow,3,1946,,
Bishpool,155,1950,,
Bishpool Lane,132,1950,,
Bishton Street,594,1905; 1914; 1927; 1933; 1936; 1938; 1946; 1950,,
Blackett Avenue,20,1950,,
Blaen-Y-Pant Avenue,62,1936; 1938; 1946; 1950,,
Blaen-Y-Pant Cottages,5,1936; 1938,,
Blaen-Y-Pant Crescent,35,1938; 1946; 1950,,
Blaen-Y-Pant Place,37,1938; 1946; 1950,,
Blake Road,33,1938; 1946; 1950,,
Blenheim Road,211,1914; 1927; 1933; 1936; 1938; 1946; 1950,,
Blewitt Street,700,1876; 1878; 1897; 1905; 1914; 1927; 1933; 1936; 1938; 1946; 1950,,
Blewitt Terrace,22,1876; 1878; 1886,,
Bolt Street,413,1876; 1878; 1897; 1905; 1914; 1933; 1936; 1938; 1946; 1950,,
BOLT STREET SCHOOLS,25,1927,,
Bolton Place,3,1876,,
Bolton Road,194,1897; 1905; 1914; 1933; 1936; 1938; 1946; 1950,,
Bolton Street,41,1897; 1905; 1914; 1933; 1936; 1938; 1946; 1950,,
Bolton Terrace,16,1878; 1933,,
Bond Street,206,1897; 1905; 1914; 1927; 1933; 1938; 1946; 1950,,
Borough Chambers,4,1905; 1933; 1938; 1946,,
Boundary Road,7,1897,,
Boyle Close,6,1950,,
Bream Place,162,1886; 1897; 1905; 1914; 1927; 1933; 1936; 1938; 1946; 1950,,
Brecon Road,66,1927; 1933; 1936; 1938; 1946; 1950,,
Brickyard Road,74,1905; 1914; 1927; 1933; 1936; 1938; 1946; 1950,,
Bridge (The),3,1876,,
Bridge Street,1173,1876; 1878; 1897; 1905; 1914; 1927; 1933; 1936; 1938; 1946; 1950,,
Bristol Street,660,1886; 1897; 1905; 1914; 1933; 1936; 1938; 1946; 1950,,
Britannia Buildings,2,1886; 1933,,
Broad Street,103,1878; 1886; 1897; 1905; 1914; 1927; 1933; 1936; 1938; 1946; 1950,,
Broseley Terrace,1,1886,,
Brown's Buildings,10,1933,,
BROWN’S BUILDINGS—,150,1927,,
Brunel Street,124,1914; 1927; 1933; 1936; 1938; 1946; 1950,,
Brunswick Place,1,1946,,
Brynderwen Grove,26,1938; 1946; 1950,,
Brynderwen Road,277,1905; 1914; 1927; 1933; 1936; 1938; 1946; 1950,,
Brynderwyn Road,12,1897,,
Brynglas Avenue,271,1927; 1933; 1936; 1938; 1946; 1950,,
Brynglas Crescent,118,1914; 1927; 1933; 1936; 1938; 1946; 1950,,
Brynglas Orescent,9,1905,,
Brynglas Road,884,1897; 1905; 1914; 1927; 1933; 1936; 1938; 1946; 1950,,
Bryngwyn Road,515,1897; 1905; 1914; 1927; 1933; 1936; 1938; 1946; 1950,,
Brynhyfryd Avenue,169,1927; 1933; 1936; 1938; 1946; 1950,,
Brynhyfryd Road,180,1905; 1914; 1927; 1933; 1936; 1938; 1946; 1950,,
Buckingham Crescent,79,1927; 1933; 1936; 1938; 1946; 1950,,
Buckingham Place,42,1933; 1936; 1938; 1946; 1950,,
Bungalows,36,1927; 1933,,
Burnford Road,26,1950,,
Burnfort Road,54,1936; 1938; 1946,,
Burns Close,11,1950,,
Burton Road,65,1946; 1950,,
Byrde Close,9,1950,,
C 4 17,9,1927,,Investigate
Caddock Street,1,1946,,
Cae Brynton Road,216,1933; 1936; 1938; 1946; 1950,,
Cae Perllan Road,331,1936; 1938; 1946; 1950,,
Cae Perllanm Road,1,1950,,
Caerau,11,1876,,
Caerau Crescent,193,1897; 1905; 1914; 1927; 1933; 1936; 1938; 1946; 1950,,
Caerau Park,8,1878; 1886,,
Caerau Road,802,1878; 1886; 1897; 1905; 1914; 1927; 1933; 1936; 1938; 1946; 1950,,
Caerleon Chambers,4339,1876; 1878; 1897; 1905; 1914; 1927; 1933; 1936; 1938; 1946; 1950,,
CAERLEON CHAMBERS,15,1927,,
Caldicot Street,159,1905; 1914; 1927; 1933; 1936; 1938; 1946; 1950,,
CALL OFFICE,48,1927,,
Calne Place,18,1933,,
Cambria Cottages,31,1886; 1933; 1936,,
Cambria Place,13,1905; 1927; 1933; 1936,,
Cambrian Road,305,1897; 1905; 1914; 1927; 1933; 1936; 1938; 1946; 1950,,
Cambridge Avenue,1,1905,,
Cambridge Road,87,1905; 1914; 1927; 1933; 1936; 1938; 1946; 1950,,
Camelot Place,91,1897; 1905; 1914; 1927; 1933; 1936; 1938; 1946; 1950,,
Camperdown Road,49,1936; 1938; 1946; 1950,,
Canal Bank,11,1933,,
Canal Bank Cottages,28,1936; 1938; 1946; 1950,,
Canal Parade,487,1876; 1878; 1897; 1905; 1914; 1927; 1933; 1936; 1938; 1946; 1950,,
Canal Street,150,1878; 1886; 1897; 1905; 1914; 1927; 1933; 1936; 1938; 1946; 1950,,
Canal Terrace,95,1876; 1878; 1897; 1905; 1914; 1927; 1933; 1936; 1938; 1946; 1950,,
CANNON STREET,30,1878,,
Canon Street,309,1897; 1905; 1914; 1927; 1933; 1936; 1938; 1946; 1950,,
Capel Crescent,767,1897; 1905; 1914; 1927; 1933; 1936; 1938; 1946; 1950,,
Capel Street,735,1876; 1878; 1886; 1897; 1905; 1914; 1927; 1933; 1936; 1938; 1946; 1950,,
Cardiff Road,1712,1876; 1878; 1897; 1905; 1914; 1927; 1933; 1936; 1938; 1946; 1950,,
Cardigan Place,58,1933; 1936; 1938; 1946; 1950,,
Carey Road,21,1905; 1914; 1933; 1936; 1938; 1946; 1950,,
Carisbrooke Road,256,1905; 1914; 1933; 1936; 1938; 1946; 1950,,
Carlisle Place,96,1876; 1886; 1905; 1927; 1933; 1936; 1938; 1946,,
Carlisle Street,152,1886; 1897; 1905; 1914; 1927; 1933; 1936; 1938; 1946; 1950,,
Carlton Chambers,3,1905; 1938; 1946,,
Carlton Road,188,1933; 1936; 1938; 1946; 1950,,
Carngethin Wharf,1,1933,,
Caroline Street,273,1878; 1886; 1905; 1914; 1933; 1936; 1938; 1946; 1950,,
Carpenter's Arms Lane,3,1886; 1936,,
Cartwright Green,14,1950,,
Carysfort Street,1,1946,,
Castle Chambers,1,1933,,
Castle Precincts,30,1876; 1878; 1886; 1897; 1905; 1914; 1933,,
Castle Street,286,1876; 1878; 1897; 1905; 1914; 1933; 1936; 1938; 1946; 1950,,
Caxton Place,110,1876; 1878; 1897; 1905; 1914; 1933; 1936; 1938; 1946; 1950,,
Cedar Road,190,1897; 1905; 1914; 1927; 1933; 1936; 1938; 1946; 1950,,
CEMETERY LANE,9,1927,,
Cenfedd Street,64,1914; 1927; 1933; 1936; 1938; 1946; 1950,,
Central Chambers,151,1927,,
Century Institute,39,1927,,
Chadwick Close,10,1950,,
Charles Street,378,1876; 1878; 1886; 1897; 1905; 1914; 1927; 1933; 1936; 1938; 1946; 1950,,
Charlotte Street,219,1876; 1878; 1897; 1905; 1914; 1933; 1936; 1938; 1946; 1950,,
Charnwood Road,43,1927; 1933; 1938; 1946; 1950,,
Chaucer Road,24,1933; 1938; 1946; 1950,,
Chelston Place,64,1897; 1905; 1914; 1927; 1933; 1938; 1946; 1950,,
Chepstow Road,3835,1876; 1878; 1897; 1905; 1914; 1927; 1933; 1938; 1946; 1950,,
Chestnut Avenue,282,1933; 1936; 1938; 1946; 1950,,
Christchurch Road,1762,1886; 1897; 1905; 1914; 1933; 1936; 1938; 1946; 1950,,
Church Path,4,1897,,
Church Road,1431,1897; 1905; 1914; 1927; 1933; 1936; 1938; 1946; 1950,,
CHURCH ROAD (B.T.),27,1878,,
Church Street,321,1876; 1878; 1897; 1905; 1914; 1933; 1936; 1938; 1946; 1950,,
Claremont Terrace,4,1933,,
Clarence Place,594,1878; 1897; 1905; 1914; 1927; 1933; 1936; 1938; 1946; 1950,,
Clarence Street,458,1876; 1878; 1886; 1897; 1905; 1914; 1927; 1933; 1936; 1938; 1946; 1950,,
Clayton Street,161,1914; 1927; 1933; 1936; 1938; 1946; 1950,,
Clevedon Road,228,1914; 1927; 1933; 1936; 1938; 1946; 1950,,
CLEVEDON TERRACE,39,1927,,
Clifford Crescent,2,1876,,
Clifton Place,226,1876; 1878; 1886; 1897; 1905; 1914; 1927; 1933; 1936; 1938; 1946; 1950,,
Clifton Road,132,1876; 1878; 1897; 1905; 1914; 1927; 1933; 1936; 1938; 1946; 1950,,
Clifton Terrace,4,1876; 1886,,
Club Row,74,1876; 1878; 1886; 1897,,
Clyffard Crescent,323,1878; 1897; 1905; 1914; 1933; 1936; 1938; 1946; 1950,,
CLYFFARD CRESCENT. D 5,17,1927,,Removal of grid reference
Clytha Crescent,161,1876; 1878; 1897; 1905; 1914; 1933; 1936; 1938; 1946; 1950,,
Clytha Park,97,1878; 1914; 1946,,
Clytha Park Road,312,1876; 1878; 1897; 1905; 1927; 1933; 1936; 1938; 1950,,
Clytha Square,504,1876; 1878; 1897; 1905; 1914; 1927; 1933; 1936; 1938; 1946; 1950,,
Coldra Road,476,1897; 1905; 1914; 1933; 1936; 1938; 1946; 1950,,
Coleridge Road,284,1933; 1936; 1938; 1946; 1950,,
Collier Street,160,1914; 1933; 1938; 1946; 1950,,
Collingwood Close,42,1938; 1946; 1950,,
Collingwood Road,98,1933; 1938; 1946; 1950,,
Collingwood Street,20,1914,,
Collins Close,8,1950,,
Colne Street,163,1914; 1933; 1938; 1946; 1950,,
Colston Avenue,102,1933; 1938; 1946; 1950,,
Colston Place,11,1938; 1946; 1950,,
Commercial Buildings,4,1876; 1933,,
Commercial Road,1851,1876; 1878; 1897; 1905; 1914; 1927; 1933; 1938; 1946; 1950,,
COMMERCIAL ROAD (CONTD.),42,1878,,
Commercial Street,2178,1876; 1878; 1897; 1905; 1914; 1927; 1933; 1938; 1946; 1950,,
Commercial Wharf,151,1876; 1878; 1886; 1897; 1905; 1914; 1933; 1938; 1946,,
Compton Terrace,9,1933,,
Congregational Church,15,1927,,
Constables Lane,23,1905; 1914; 1933; 1938; 1946; 1950,,
Constance Street,387,1897; 1905; 1914; 1933; 1938; 1946; 1950,,
Conway Croft,43,1933; 1938; 1946; 1950,,
Conway Road,940,1914; 1927; 1933; 1938; 1946; 1950,,
Conway Sac,49,1933; 1936; 1938; 1946; 1950,,
Coomassie Street,291,1878; 1897; 1905; 1914; 1933; 1936; 1938; 1946; 1950,,
Coporation Yard,296,1927,,
Corelli Street,400,1905; 1914; 1927; 1933; 1936; 1938; 1946; 1950,,
Cork Wharf,1,1933,,
Corn Exchange Chambers,1,1886,,
Corn Street,131,1876; 1878; 1897; 1905; 1914; 1933; 1936; 1938; 1946; 1950,,
CORNICK,41,1927,,Investigate
Cornwall Road,286,1933; 1936; 1938; 1946; 1950,,
Corporation Baths,40,1927,,
Corporation Road,2556,1897; 1905; 1914; 1927; 1933; 1936; 1938; 1946; 1950,,
Corporation Yard,11,1933,,
Council Chambers,2,1905; 1933,,
Courtney Street,83,1933; 1936; 1938; 1946; 1950,,
Courtybella,86,1878; 1914; 1927; 1933,,
Courtybella Street,235,1897; 1905; 1914; 1933; 1936; 1938; 1946; 1950,,
Courtybella Terrace,410,1878; 1897; 1905; 1914; 1927; 1933; 1936; 1938; 1946; 1950,,
Coutybella Cottages,3,1933,,
Coutybella Street,66,1878; 1927,,
Coverack Road,262,1905; 1914; 1927; 1933; 1936; 1938; 1946; 1950,,
Crawford Street,159,1927; 1933; 1936; 1938; 1946; 1950,,
Crescent Road,383,1886; 1897; 1905; 1914; 1927; 1933; 1936; 1938; 1946; 1950,,
Crindau,2,1878; 1886,,
Crindau Road,118,1897; 1905; 1914; 1927; 1933; 1936; 1938; 1946; 1950,,
Cromwell Road,771,1905; 1914; 1927; 1933; 1936; 1938; 1946; 1950,,
Cross Hands Cottages,1,1933,,
Cross Lane,90,1897; 1905; 1914; 1927; 1933; 1936; 1938; 1950,,
Cross Street,97,1876; 1878; 1897,,
Crown Arcade,17,1946,,
Crown Street,231,1876; 1897; 1905; 1914; 1927; 1933; 1936; 1938; 1946; 1950,,
Croydon Road,31,1914; 1927; 1933; 1936; 1938; 1946; 1950,,
Cumberland Road,225,1914; 1927; 1933; 1936; 1938; 1946; 1950,,
Curie Close,6,1950,,
Cyril Street,425,1897; 1905; 1914; 1933; 1936; 1938; 1946; 1950,,
D 3 PANT ROAD. B 4,35,1927,,Investigate
D 5 58,28,1927,,Investigate
D 5 6,12,1927,,Investigate
Dale Road,108,1946; 1950,,
Daniel Street,181,1897; 1905; 1914; 1933; 1936; 1938; 1946; 1950,,
Darwin Drive,52,1950,,
David Street,296,1878; 1886; 1897; 1905; 1914; 1927; 1933; 1936; 1938; 1946; 1950,,
Davy Close,14,1950,,
Dawley Street,140,1927; 1936,,
Dean Street,396,1897; 1905; 1914; 1933; 1936; 1938; 1946; 1950,,
Delius Close,23,1950,,
Denbigh Road,242,1933; 1936; 1938; 1946; 1950,,
Depot Street,57,1878; 1886; 1897; 1905; 1914; 1927; 1933; 1936; 1938; 1946; 1950,,
Devon Place,472,1876; 1886; 1897; 1905; 1914; 1927; 1933; 1936; 1938; 1946; 1950,,
DEVON PLACE (GOLD TOPS),34,1878,,
Devonshire Cottages,2,1933,,
Dewsland Park Road,498,1914; 1927; 1933; 1936; 1938; 1946; 1950,,
Dewsland Road,8,1905,,
Dewston Street,2,1905,,
Dewstow Street,740,1914; 1927; 1933; 1936; 1938; 1946; 1950,,
Diana Street,67,1905; 1914; 1933; 1936; 1938; 1946; 1950,,
Dock (The Old),13,1897,,
Dock (The Town),122,1905; 1933; 1938; 1946,,
Dock (Town),12,1950,,
Dock Cottages,6,1933,,
Dock Parade,228,1878; 1886; 1897; 1905; 1914; 1933; 1936; 1938; 1946; 1950,,
Dock Parade (Docks),30,1876,,
Dock Road Chambers,49,1886; 1905; 1936; 1938; 1946,,
Dock Street,2366,1876; 1878; 1897; 1905; 1914; 1933; 1936; 1938; 1946; 1950,,
Docks (The),56,1876,,
Dolphin Street,858,1876; 1878; 1897; 1905; 1914; 1933; 1936; 1938; 1946; 1950,,
Donnington Street,1,1936,,
Dorset Place,16,1886; 1933; 1936; 1938; 1946,,
Dorset Road,6,1927,,
Dos Cottages's Hill,8,1933,,
Dos Road,461,1876; 1878; 1897; 1905; 1914; 1933; 1936; 1938; 1946; 1950,,
Dos Works Yar,1,1936,,
Downing Street,468,1905; 1914; 1927; 1933; 1936; 1938; 1946; 1950,,
Drinkwater Gardens,51,1950,,
Duckpool Road,1441,1897; 1905; 1914; 1927; 1933; 1936; 1938; 1946; 1950,,
Duckpool Terrace,11,1933,,
Dudley Street,376,1905; 1914; 1927; 1933; 1936; 1938; 1946; 1950,,
Duke Street,23,1878; 1886; 1897; 1905; 1914; 1927; 1933; 1936; 1938; 1946; 1950,,
Dumfries Place,119,1876; 1878; 1886; 1897; 1905; 1914; 1927; 1933; 1936; 1938; 1946; 1950,,
Durham Lane,4,1927; 1936; 1938; 1946,,
Durham Road,1648,1897; 1905; 1914; 1927; 1933; 1936; 1938; 1946; 1950,,
E 2 37,15,1927,,Investigate
E 5 47,13,1927,,Investigate
East Grove Road,30,1936; 1938; 1946; 1950,,
East Lock Flats,2,1933,,
East Market Street,80,1876; 1878; 1897; 1905; 1914; 1933; 1936; 1938; 1946; 1950,,
East Side,28,1933,,
East Street,309,1876; 1878; 1886; 1897; 1905; 1914; 1933; 1936; 1938; 1946; 1950,,
East Usk Road,299,1878; 1897; 1905; 1914; 1927; 1933; 1938; 1946; 1950,,
Easton Place,11,1933,,
Ebenezer Terrace,376,1876; 1878; 1886; 1897; 1905; 1914; 1927; 1933; 1936; 1938; 1946; 1950,,
Edison Ridge,14,1950,,
Edward Street,64,1886; 1905,,
Edward VII Avenue,308,1914; 1927; 1933; 1936; 1938; 1946; 1950,,
Edward VII Crescent,39,1933; 1936; 1938; 1946; 1950,,
Edwin Street,179,1897; 1905; 1914; 1927; 1933; 1936; 1938; 1946; 1950,,
Elaine Crescent,70,1936; 1938; 1946; 1950,,
Eldon Chambers,1,1905,,
Elgar Avenue,132,1946; 1950,,
Elgar Circle,81,1946; 1950,,
Elgar Close,27,1950,,
Elysia Street,12,1938; 1946; 1950,,
Emlyn Chambers,4,1905; 1927; 1938; 1946,,
Emlyn Street,423,1905; 1914; 1927; 1933; 1936; 1938; 1946; 1950,,
Emlyn Terrace,117,1905; 1914; 1933; 1936; 1938,,
English Baptist Church,3,1927,,
Enville Road,14,1946; 1950,,
Essex Street,37,1905; 1914; 1933; 1936; 1938; 1946; 1950,,
Eton Road,344,1897; 1905; 1914; 1933; 1936; 1938; 1946; 1950,,
Evans Street,149,1897; 1905; 1914; 1933; 1936; 1938; 1946; 1950,,
Eveswell Park,151,1905; 1914; 1933; 1936; 1938; 1946,,
Eveswell Park Road,26,1950,,
Eveswell Street,325,1886; 1897; 1905; 1914; 1927; 1933; 1936; 1938; 1946; 1950,,
Eveswell Terrace,12,1905; 1933; 1936; 1938; 1946,,
Exchange Chambers,1,1933,,
Exchange Road,1,1933,,
Exeter Road,77,1897; 1905; 1914; 1927; 1933; 1936; 1938; 1946; 1950,,
Exeter Street,217,1897; 1905; 1914; 1927; 1933; 1936; 1938; 1946; 1950,,
F,3,1927,,
Factory Road,81,1897; 1905; 1914; 1927; 1933; 1936; 1938; 1946; 1950,,
Fairfax Road,316,1914; 1927; 1933; 1936; 1938; 1946; 1950,,
Fairfax Street,8,1905,,
Fairoak Avenue,576,1886; 1897; 1905; 1914; 1927; 1933; 1936; 1938; 1946; 1950,,
Fairoak Terrace,344,1886; 1897; 1905; 1914; 1933; 1936; 1938; 1946; 1950,,
Fairways,1,1950,,
Faraday,1,1950,,
Farm Cottages,6,1933,,
Faulkner Road,87,1897; 1905; 1914; 1927; 1933; 1936; 1938; 1946; 1950,,
Feering Street,485,1905; 1914; 1927; 1933; 1936; 1938; 1946; 1950,,
Fibbank Crescent,21,1938,,
FICE T. &,69,1927,,
Fields Crescent Road,9,1897,,
Fields Park Avenue,236,1905; 1914; 1927; 1933; 1936; 1938; 1946; 1950,,
Fields Park Crescent,25,1905; 1914; 1927; 1933; 1936; 1938; 1946; 1950,,
Fields Park Road,480,1897; 1905; 1914; 1933; 1936; 1938; 1946; 1950,,
Fields Road,468,1897; 1905; 1914; 1933; 1936; 1938; 1946; 1950,,
Filey Road,68,1914; 1933; 1936; 1938; 1946; 1950,,
Firbank Avenue,65,1938; 1946; 1950,,
Firbank Crescent,54,1946; 1950,,
Fire Station Cottages,5,1933,,
Fire Station Flats,4,1933,,
Fleming Close,8,1950,,
Ford Street,422,1897; 1905; 1914; 1933; 1936; 1938; 1946; 1950,,
Fothergill Place,1,1914,,
Fothergill Street,58,1905; 1914; 1933; 1936; 1938; 1946; 1950,,
Fotheringham Place,111,1933; 1936; 1938; 1946; 1950,,
Francis Street,119,1876; 1878; 1886; 1897; 1905; 1914; 1933; 1936; 1938; 1946; 1950,,
FRANCIS' DYE WORKS,2,1927,,
FRANCIS' DYE WORKS. ESTAB. 1890,346,1927,,
FRANCIS’ DYE WORKS. ESTAB. 1890,54,1927,,
Frank Street,131,1897; 1905; 1914; 1933; 1936; 1938; 1946; 1950,,
Frederick Street,308,1878; 1897; 1905; 1914; 1933; 1936; 1938; 1946; 1950,,
Friar's Road,6,1886,,
Friars Chambers,4,1905; 1936; 1938; 1946,,
Friars Crescent,16,1936; 1938; 1946; 1950,,
Friars Fields,4,1876; 1878,,
Friars Road,272,1876; 1897; 1905; 1914; 1927; 1933; 1936; 1938; 1946; 1950,,
Friars Street,116,1897; 1905; 1914; 1927; 1933; 1936; 1938; 1946; 1950,,
FRIARS' ROAD,10,1878,,
Frobisher Road,67,1938; 1946; 1950,,
Fulford's Cottages,10,1886; 1933; 1936; 1938; 1946,,
Fulfords Cottages,1,1905,,
G,230,1927,,
G.W.R. INSTITUTE,6,1927,,Investigate
Gaer Fach,15,1933; 1938; 1946,,
Gaer Park Avenue,490,1933; 1936; 1938; 1946; 1950,,
Gaer Park Crescent,52,1933; 1936,,
Gaer Park Drive,666,1933; 1936; 1938; 1946; 1950,,
Gaer Park Hill,82,1933; 1936; 1938; 1946; 1950,,
Gaer Park Lane,139,1933; 1936; 1938; 1946; 1950,,
Gaer Park Parade,46,1933; 1936; 1938; 1946; 1950,,
Gaer Park Road,404,1933; 1936; 1938; 1946; 1950,,
Gaer Road,57,1933; 1938; 1946; 1950,,
Gaer Street,98,1897; 1905; 1914; 1927; 1933; 1938; 1946; 1950,,
Garden Lane,2,1897,,
Garth Terrace,7,1933,,
Gaskell Street,198,1905; 1914; 1927; 1933; 1938; 1946; 1950,,
George Street,703,1876; 1878; 1897; 1905; 1914; 1927; 1933; 1938; 1946; 1950,,
George Street (Lower),21,1876,,
George's Buildings,12,1886,,
Gibbs Road,605,1897; 1905; 1914; 1927; 1933; 1936; 1938; 1946; 1950,,
Glasllwch Crescent,121,1933; 1950,,
Glasllwch Lane,224,1927; 1933; 1936; 1938; 1946; 1950,,
Glassworks Cottages,235,1897; 1905; 1914; 1927; 1933; 1936; 1938; 1946; 1950,,
Glebe Street,447,1886; 1897; 1905; 1914; 1927; 1933; 1936; 1938; 1946; 1950,,
Glo'ster Place,29,1886; 1927; 1936,,
GLO'STER PLACE (B T),8,1878,,
Glo'ster Street,42,1886; 1927; 1936; 1946,,
GLO'STER STREET (B T),11,1878,,
Globe Cottages,2,1886,,
Glos'Terrace Place,10,1946,,
Gloster Place,41,1905; 1933; 1938; 1950,,
Gloster Street,35,1905; 1933; 1938; 1950,,
Gloucester Chambers,14,1905; 1927; 1938; 1946,,
Gloucester Place,20,1897; 1914,,
Gloucester Street,21,1897; 1914,,
Godfrey Road,293,1897; 1905; 1914; 1927; 1933; 1936; 1938; 1946; 1950,,
Gold Tops,312,1876; 1878; 1897; 1905; 1914; 1933; 1936; 1938; 1946; 1950,,
Goldsmith Close,4,1950,,
Goodrich Crescent,645,1905; 1914; 1933; 1936; 1938; 1946; 1950,,
Gordon Street,506,1886; 1897; 1905; 1914; 1933; 1936; 1938; 1946; 1950,,
Gore Street,142,1897; 1905; 1914; 1933; 1936; 1938; 1946; 1950,,
Gothic Villas,1,1933,,
Gothic VIllas,53,1927,,
Grafton Road,253,1905; 1914; 1927; 1933; 1936; 1938; 1946; 1950,,
Graham Street,557,1876; 1886; 1897; 1905; 1914; 1927; 1933; 1936; 1938; 1946; 1950,,
GRAHAM STREET (FROM 9 ST WOOLLOS ROAD),76,1878,,
Graig Park Avenue,200,1936; 1938; 1946; 1950,,
Graig Park Circle,337,1936; 1938; 1946; 1950,,
Graig Park Hill,134,1936; 1938; 1946; 1950,,
Graig Park Lane,126,1936; 1938; 1946; 1950,,
Graig Park Parade,94,1936; 1938; 1946; 1950,,
Graig Park Road,180,1936; 1938; 1946; 1950,,
Graig Park Villas,122,1936; 1938; 1946; 1950,,
Granville Square,229,1897; 1905; 1914; 1927; 1933; 1936; 1938; 1946; 1950,,
Granville Street,274,1897; 1905; 1914; 1927; 1933; 1936; 1938; 1946; 1950,,
Greenfield Hill,1,1886,,
Greenmeadow Avenue,134,1933; 1936; 1938; 1946; 1950,,
Greenmeadow Road,103,1927; 1933; 1936; 1938; 1946; 1950,,
Grenville Square,24,1886,,
GRENVILLE SQUARE (FROM 6 LOWER GEORGE STREET),66,1878,,
Grenville Street,55,1876; 1886,,
GRIFFIN,16,1927,,
GRIFFIN CHAMBERS—,4,1927,,
Griffin Street,241,1897; 1905; 1914; 1927; 1933; 1936; 1938; 1946; 1950,,
Griffiths Street,2,1905; 1938,,
Groves Road,52,1946; 1950,,
Guardians' Offices,52,1927,,
Gymnasium,6,1927,,
H,53,1927,,
Haisbro Avenue,132,1933; 1936; 1938; 1946; 1950,,
Haldane Place,18,1950,,
Halstead Street,651,1897; 1905; 1914; 1927; 1933; 1936; 1938; 1946; 1950,,
Hamilton Street,296,1914; 1933; 1936; 1938; 1946; 1950,,
Hampden Road,308,1933; 1936; 1938; 1946; 1950,,
Handsworth Street,41,1905; 1914; 1933; 1936; 1938; 1946; 1950,,
Hardy Close,11,1950,,
Harrhy Street,41,1905; 1914; 1936; 1938; 1946,,
Harrow Road,458,1905; 1914; 1927; 1933; 1936; 1938; 1946; 1950,,
Harvey Close,1,1950,,
Hathaway Street,36,1946; 1950,,
Havelock Street,52,1876; 1886; 1897; 1905; 1914; 1933; 1936; 1938; 1946; 1950,,
Hawarden Road,203,1933; 1936; 1938; 1946; 1950,,
Hawthorn Avenue,301,1933; 1936; 1938; 1946; 1950,,
Hawthorn Fosse,74,1927; 1933; 1936; 1938; 1946; 1950,,
Hawthorn Square,127,1927; 1933; 1936; 1938; 1946; 1950,,
Hawthorne Avenue,6,1914,,
Hazlitt Close,8,1950,,
Heather Road,388,1927; 1933; 1936; 1938; 1946; 1950,,
Henry Street,823,1886; 1897; 1905; 1914; 1927; 1933; 1938; 1946; 1950,,
Henry Wood Close,30,1950,,
Henson Street,223,1914; 1927; 1933; 1936; 1938; 1946; 1950,,
Herbert Road,3,1950,,
Herbert Street,307,1876; 1897; 1905; 1914; 1927; 1933; 1936; 1938; 1946; 1950,,
Hereford Place,24,1878; 1886; 1905; 1936; 1938; 1946,,
Hereford Street,418,1897; 1905; 1914; 1933; 1936; 1938; 1946; 1950,,
Hertford Place,80,1933; 1936; 1938; 1946; 1950,,
HEWERTON STREET,96,1927,,
Hewertson Street,679,1905; 1914; 1933; 1936; 1938; 1946; 1950,,
High Street,1325,1876; 1878; 1897; 1905; 1914; 1927; 1933; 1936; 1938; 1946; 1950,,
Highbury Chambers,33,1905; 1927; 1933; 1938; 1946,,
Highcroft Road,73,1933; 1936; 1938; 1946; 1950,,
Highcross Drive,30,1946; 1950,,
Highcross Lane,93,1946; 1950,,
Highfield Road,51,1938; 1946; 1950,,
Highweek Terrace,18,1927; 1933,,
Hill Street,389,1876; 1878; 1897; 1905; 1914; 1933; 1936; 1938; 1946; 1950,,
Homfray Street,4,1897,,
Hopefield,158,1878; 1886; 1897; 1905; 1914; 1933; 1936; 1938; 1946; 1950,,
Hoskins Street,606,1897; 1905; 1914; 1933; 1936; 1938; 1946; 1950,,
HOUSE,2,1927,,Investigate
Hove Avenue,40,1946; 1950,,
Howe Street,30,1927,,
Hubert Road,238,1914; 1933; 1936; 1938; 1946; 1950,,
Huxley Green,12,1950,,
Ifton Street,189,1905; 1914; 1927; 1933; 1936; 1946; 1950,,
Imperial Chambers,4,1933; 1938; 1946,,
INKERMAN STREET,6,1878,,Street is now Alexandra Road. Add marker to Alexandra Road to indicate it used to be Inkerman Street.
Inner Circle,21,1927; 1933,,
Isca Terrace,2,1876,,
Island Site,10,1933,,
Ivor Street,88,1876; 1878; 1897; 1905; 1914; 1927; 1933; 1938; 1946; 1950,,
IVY ROAD,23,1927; 1936,,
Jackson Place,180,1914; 1927; 1933; 1936; 1938; 1946; 1950,,
James Street,222,1878; 1886; 1897; 1905; 1914; 1927; 1933; 1938; 1946; 1950,,
Jane Austin Close,10,1950,,
Jayne's Buildings,80,1878; 1886; 1905; 1914; 1933; 1936; 1938; 1946; 1950,,
Jeddo Street,953,1878; 1886; 1897; 1905; 1914; 1933; 1936; 1938; 1946; 1950,,
Jeffrey Street,908,1905; 1914; 1933; 1936; 1938; 1946; 1950,,
Jenkins Street,290,1897; 1905; 1914; 1927; 1933; 1938; 1946; 1950,,
John Street,15,1886; 1897; 1905; 1914; 1927; 1933; 1938; 1946; 1950,,
Jones Street,715,1876; 1886; 1897; 1905; 1914; 1927; 1933; 1938; 1946; 1950,,
Jones's Cottages,2,1933,,
Junction Road,103,1897; 1905; 1914; 1927; 1933; 1938; 1946; 1950,,
Junction Street,8,1876,,
Kear Street,6,1886; 1950,,
Keene Street,110,1905; 1914; 1927; 1933; 1938; 1946; 1950,,
Kelvedon Street,61,1905; 1914; 1927; 1933; 1938; 1946; 1950,,
Kelvin Chambers,1,1933,,
KELVIN CHAMBERS—,5,1927,,
Kelvin Close,14,1950,,
Kenilworth Road,157,1905; 1914; 1933; 1938; 1946; 1950,,
KENILWORTH ROAD. E 2,33,1927,,Removal of grid reference
Kensington Grove,62,1905; 1914; 1933; 1938; 1946; 1950,,
KENSINGTON GROVE. D 3,12,1927,,Removal of grid reference
Kensington Place,322,1876; 1897; 1905; 1914; 1933; 1938; 1946; 1950,,
KENSINGTON PLACE. D 3,32,1927,,Removal of grid reference
Keynsham Avenue,212,1933; 1936; 1938; 1946; 1950,,
KEYNSHAM AVENUE. D 5,6,1927,,Removal of grid reference
Keyse's Buildings,2,1886,,
Kimberley Terrace,137,1927; 1933,,
King Street,101,1886; 1897; 1905; 1914; 1927; 1933; 1938; 1946; 1950,,
King's Chambers,2,1938; 1946,,
King's Parade,75,1927; 1933; 1938; 1946; 1950,,
Kings Parade,70,1876; 1897; 1905; 1914,,
Kingshill,11,1897; 1905; 1914; 1933; 1936; 1938,,
Kingsland Terrace,15,1905; 1927; 1933,,
KINGSM,10,1927,,Investigate
Kingsmill Gardens,18,1897; 1927; 1933,,
Kingsmill Terrace,120,1876; 1886; 1897; 1905; 1914; 1933; 1936; 1938; 1946; 1950,,
Kingston Road,58,1914; 1927; 1933; 1938; 1946; 1950,,
Kingsway,141,1938; 1946; 1950,,
Kipling Hill,5,1950,,
Kirby Street,98,1886; 1897; 1905; 1914; 1933; 1938; 1946; 1950,,
KLEINSTEIN,1,1927,,Investigate
Laburnam Cottages,3,1933,,
Lady Hill,3,1933,,
Lamb Close,11,1950,,
Lamb Cottages,1,1886,,
Lambert Street,382,1897; 1905; 1914; 1933; 1938; 1946; 1950,,
Lansdowne Cottages,2,1886,,
Lansdowne Place,2,1886,,
Lawn Terrace,21,1905; 1933; 1938; 1946,,
Lawrence Hill,28,1897; 1905; 1914; 1933; 1938; 1946; 1950,,
Lawson Terrace,2,1886; 1905,,
Leicester Road,220,1886; 1897; 1905; 1914; 1927; 1933; 1938; 1946; 1950,,
Lennard Street,307,1897; 1905; 1914; 1927; 1933; 1938; 1946; 1950,,
Lewis Street,1081,1876; 1897; 1905; 1914; 1927; 1933; 1938; 1946; 1950,,
Lewis Street (Upper),7,1876,,
Libeneth Road,398,1897; 1905; 1914; 1927; 1933; 1936; 1938; 1946; 1950,,
Lilleshall Street,194,1905; 1914; 1927; 1933; 1936; 1938; 1946; 1950,,
Lime Crescent,341,1927; 1933; 1936; 1938; 1946; 1950,,Street is now Aberthaw Road. Add marker to Lime Crescent to indicate it used to be Lime Crescent.
Lime Street,893,1886; 1897; 1905; 1914; 1927; 1933; 1936; 1938; 1946; 1950,,
Lincoln Close,5,1950,,
Linden Road,140,1914; 1927; 1933; 1936; 1938; 1946; 1950,,
Linton Street,74,1905; 1914; 1927; 1933; 1936; 1938; 1946; 1950,,
Liscombe Street,393,1905; 1914; 1927; 1933; 1936; 1938; 1946; 1950,,
Lister Green,16,1950,,
Liverpool Street,123,1905; 1914; 1927; 1933; 1936; 1938; 1946; 1950,,
Livingstone Place,477,1886; 1897; 1905; 1914; 1927; 1933; 1936; 1938; 1946; 1950,,
Livingstone Street,10,1876,,
Llanarth Chambers,1,1933,,Investigate
Llanarth Street,268,1876; 1897; 1905; 1914; 1927; 1933; 1938; 1946; 1950,,
Llandaff Street,31,1897; 1905; 1914; 1927; 1933; 1936; 1938; 1946; 1950,,
Llanthewy Road,720,1897; 1905; 1914; 1927; 1933; 1936; 1938; 1946; 1950,,
Llanthewy Road Baptist Church,22,1927,,
Llanvair Road,202,1905; 1914; 1927; 1933; 1936; 1938; 1946; 1950,,
Llanvair Street,10,1897,,
LLANVAPLEY ROAD,1,1927,,
Llanwern Road,19,1946,,
Llanwern Street,301,1905; 1914; 1933; 1936; 1938; 1946; 1950,,
Llewellin Street,139,1914; 1933; 1936; 1938; 1946; 1950,,
Llewellin Terrace,23,1905,,
Lliswerry,94,1897; 1905; 1914,,
Lliswerry Road,869,1914; 1927; 1933; 1936; 1938; 1946; 1950,,
Lloyd Street,234,1905; 1914; 1933; 1936; 1938; 1946; 1950,,
Lloyd's Bank Chambers,3,1905; 1938; 1946,,
Llwynderi Road,76,1914; 1927; 1933; 1936; 1938; 1946; 1950,,
Locke Street,234,1897; 1905; 1914; 1927; 1933; 1936; 1938; 1946; 1950,,
London Street,479,1897; 1905; 1914; 1933; 1936; 1938; 1946; 1950,,
London Wharf,1,1933,,
Lord Street,117,1886; 1897; 1905; 1914; 1927; 1933; 1936; 1938; 1946; 1950,,
Lower George Street,21,1876,,
Lucas Street,355,1897; 1905; 1914; 1927; 1933; 1936; 1938; 1946; 1950,,
Lyndhurst Avenue,201,1936; 1938; 1946; 1950,,
Lyne Road,370,1897; 1905; 1914; 1933; 1936; 1938; 1946; 1950,,
M.O. & T..B. & A. &,9,1927,,Investigate
Macarthys Court,21,1886; 1897; 1905; 1914; 1933,,
Macauley Gardens,8,1950,,
Maddox Close,3,1936; 1938; 1946,,
Maesglas Avenue,707,1933; 1936; 1938; 1946; 1950,,
Maesglas Crescent,958,1933; 1936; 1938; 1946; 1950,,
Maesglas Grove,333,1938; 1946; 1950,,
Maesglas Road,699,1933; 1936; 1938; 1946; 1950,,
Maesglas Street,80,1933; 1936; 1938; 1946; 1950,,
Magor Street,584,1905; 1914; 1927; 1933; 1936; 1938; 1946; 1950,,
Maindee Hall Flats,131,1927; 1933,,
Maindee Lawn Villas,6,1927; 1933,,
Maindee Municipal Buildings,3,1927,,
Maindee Parade,409,1886; 1897; 1905; 1914; 1927; 1933; 1936; 1938; 1946; 1950,,
Maindee Place,2,1876,,
Maindee Schools,16,1927,,
Malpas,24,1876,,
Malpas Road,2496,1886; 1897; 1905; 1914; 1927; 1933; 1936; 1938; 1946; 1950,,
MALVERN ROAD,1,1936,,
Manchester Street,393,1897; 1905; 1914; 1933; 1936; 1938; 1946; 1950,,
Manley Road,122,1897; 1905; 1914; 1933; 1936; 1938; 1946; 1950,,
Mansel Street,140,1905; 1933; 1936; 1938; 1946; 1950,,
Mansell Street,23,1914,,
Maple Avenue,248,1933; 1936; 1938; 1946; 1950,,
Marconi Close,6,1950,,
Margaret Avenue,165,1936; 1938; 1946; 1950,,
Marion Street,646,1897; 1905; 1914; 1933; 1936; 1938; 1946; 1950,,
Market (Provision),752,1914; 1927; 1933; 1936; 1938; 1946; 1950,,
Market (Provision) Annexe,18,1933; 1938,,
Market Arcade,67,1914; 1936; 1946; 1950,,
Market Street,321,1876; 1897; 1905; 1914; 1927; 1933; 1936; 1938; 1946; 1950,,
Marlborough Road,601,1905; 1914; 1927; 1933; 1936; 1938; 1946; 1950,,
Marlowe Gardens,4,1950,,
Marshes Road,46,1876,,
Marshfield Street,395,1914; 1933; 1936; 1938; 1946; 1950,,
Masefield Vale,52,1950,,
Maughan Close,7,1950,,
May Street,63,1905; 1914; 1933; 1936; 1938; 1946; 1950,,
Melfort Road,269,1936; 1938; 1946; 1950,,
Mellon Square,17,1886; 1897,,
Mellon Street,282,1876; 1878; 1897; 1905; 1914; 1933; 1936; 1938; 1946; 1950,,
Melton Terrace,14,1905; 1933,,
Mendalgief Road,620,1886; 1897; 1905; 1914; 1927; 1933; 1936; 1938; 1946; 1950,,
Mercantile Chambers,1,1933,,
Merchant Street,72,1878; 1897; 1905; 1914; 1933; 1938; 1946,,
Merchant Street (Upper),7,1876,,
Merlin Crescent,173,1936; 1938; 1946; 1950,,
Merriotts Place,119,1886; 1897; 1905; 1914; 1933; 1936; 1938; 1946; 1950,,
Methuen Road,246,1914; 1927; 1933; 1936; 1938; 1946; 1950,,
Metropolitan Bank Chambers,3,1905; 1938; 1946,,
Midland Bank Chambers,4,1905; 1927; 1938; 1946,,
Mile End Terrace,4,1876; 1927,,
Mill Parade,481,1876; 1878; 1897; 1905; 1914; 1927; 1933; 1936; 1938; 1946; 1950,,
Mill Street,284,1876; 1897; 1905; 1914; 1927; 1933; 1936; 1938; 1946; 1950,,
Milman Street,385,1897; 1905; 1914; 1927; 1933; 1936; 1938; 1946; 1950,,
Milner Street,252,1905; 1914; 1927; 1933; 1936; 1938; 1946; 1950,,
Milton Road,178,1936; 1938; 1946; 1950,,
Moorland Avenue,88,1938; 1946; 1950,,
Morden Road,637,1897; 1905; 1914; 1927; 1933; 1938; 1946; 1950,,
Moreland Avenue,28,1936,,
Morgan Street,209,1876; 1886; 1897; 1905; 1927; 1933; 1936; 1938; 1946; 1950,,
Morris Street,375,1897; 1905; 1914; 1927; 1933; 1936; 1938; 1946; 1950,,
Mount Bax,2,1950,,Investigate
Mount Pleasant,16,1876; 1878,,
Mountjoy Place,236,1876; 1886; 1897; 1905; 1914; 1927; 1933; 1936; 1938; 1946; 1950,,
Mountjoy Road,152,1876; 1897; 1905; 1914; 1927; 1933; 1936; 1938; 1946; 1950,,
Mountjoy Street,144,1876; 1886; 1897; 1905; 1914; 1927; 1933; 1936; 1938; 1946; 1950,,
MOURING ORDERS PROMPTLY ATTENDED TO,59,1927,,
Mullock's Court,23,1878,,
Myrtle Grove,75,1927; 1933; 1936; 1938; 1946; 1950,,
Nant Coch Hill,205,1933; 1936,,
Nash Road,912,1897; 1905; 1914; 1927; 1933; 1936; 1938; 1946; 1950,,
National Buildings,11,1933,,
National Buildings Flats,7,1933,,
Nelson Street,103,1897; 1905,,
NELSON STREET,38,1878,,
Neptune Lane,3,1876,,
Neston Road,23,1946; 1950,,
New Cottages,9,1927; 1933,,
New Ruperra Street,60,1876; 1897; 1914; 1933; 1936; 1938; 1946; 1950,,
New Street,234,1876; 1886; 1897; 1905; 1914; 1933; 1936; 1938; 1946; 1950,,
Newport Arcade,64,1897; 1905; 1914; 1927; 1936; 1938; 1946; 1950,,
Newport Corporation Market,115,1905,,
Newton Way,10,1950,,
Nicholas Cottages,2,1933,,
Norfolk Road,111,1927; 1933; 1936; 1938; 1946; 1950,,
North Street,549,1876; 1897; 1905; 1914; 1933; 1936; 1938; 1946; 1950,,
Northumberland Road,40,1933; 1936; 1938; 1946; 1950,,
Norvic Chambers,3,1933,,
Oak Street,189,1897; 1905; 1914; 1933; 1936; 1938; 1946; 1950,,
Oak Terrace,26,1897; 1905; 1914,,
Oakfield Road,510,1914; 1933; 1936; 1938; 1946; 1950,,
Oaklands Road,6,1927; 1933; 1938,,
Oakley Street,447,1905; 1914; 1927; 1933; 1936; 1938; 1946; 1950,,
Oaks Close,21,1938; 1946; 1950,,
OFFICE,32,1927,,Investigate
"OFFICE.O.,& S.B.&A.&",48,1927,,Investigate
Old Cardiff Road,30,1950,,
Old Green,7,1876,,
Oliver Road,261,1933; 1936; 1938; 1946; 1950,,
Ombersley Road,433,1897; 1905; 1914; 1927; 1933; 1936; 1938; 1946; 1950,,
Orchard Street,451,1897; 1905; 1914; 1927; 1933; 1936; 1938; 1946; 1950,,
Orchard Terrace,10,1933,,
Oriel Road,1,1936,,
Osborne Place,66,1927; 1933,,
Oswald Road,204,1914; 1927; 1933; 1936; 1938; 1946; 1950,,
Outer Circle,18,1933,,
Oxford Street,278,1886; 1897; 1905; 1914; 1933; 1936; 1938; 1946; 1950,,
Palm Square,89,1933; 1936; 1938; 1946; 1950,,
Palmyra Place,111,1876; 1886; 1897; 1905; 1914; 1927; 1933; 1936; 1938; 1946; 1950,,
Pant Road,248,1897; 1905; 1914; 1933; 1936; 1938; 1946; 1950,,
Parfitt Street,134,1905; 1914; 1927; 1933; 1936; 1938; 1946; 1950,,
Park Avenue,556,1933; 1936; 1938; 1946; 1950,,
Park Close,22,1933; 1938; 1946; 1950,,
Park Crescent,247,1933; 1936; 1938; 1946; 1950,,
Park Drive,552,1933; 1938; 1946; 1950,,
Park Place,14,1876,,
Park Square,248,1897; 1905; 1914; 1933; 1938; 1946; 1950,,
PARK SQUARE,41,1927,,
Park Street,57,1876; 1886; 1897; 1905,,
Parkfield Place,20,1905; 1914; 1927; 1933; 1936; 1938; 1946; 1950,,
Parry Drive,51,1950,,
Pear Tree Cottages,3,1933,,
Pembroke Chambers,11,1905; 1927; 1933; 1938; 1946,,
Pembroke Terrace,14,1933,,
Pemrose Cottages,3,1886,,
Pencraig Flatts,6,1933,,
Penllyn Avenue,313,1905; 1914; 1927; 1933; 1936; 1938; 1946; 1950,,
PENROSE STREET,9,1927,,
Pentonville,278,1876; 1886; 1914; 1927; 1933; 1936; 1938; 1946; 1950,,
Penylan Park,13,1933; 1946,,
Penylan Road,183,1927; 1933; 1936; 1938; 1946; 1950,,
Penylan Terrace,33,1927; 1933,,
Phillip Street,132,1914; 1927; 1933; 1936; 1938; 1946; 1950,,
Phillips Street,37,1897; 1905,,
Pill Mawr Road,167,1936; 1938; 1950,,
PILL RECREATION GROUND,23,1927,,
Pillgwenlly Wharf,3,1933,,
Pillmawr Road,59,1946,,
Plymouth Street,17,1886,,
Police Flats,76,1927; 1933,,
Pool Lane,136,1933; 1950,,
Poplar Cottages,3,1933,,
Poplar Road,42,1933; 1936; 1938; 1946; 1950,,
Portland Street,517,1876; 1878; 1897; 1905; 1914; 1927; 1933; 1936; 1938; 1946; 1950,,
Portskewett Street,238,1905; 1914; 1927; 1933; 1936; 1938; 1946; 1950,,
Potter Street,397,1876; 1878; 1897; 1905; 1914; 1927; 1933; 1936; 1938; 1946; 1950,,
Potter's Parade,30,1878; 1886; 1933; 1936; 1938; 1946; 1950,,
POTTER's PARADE. E 4,3,1927,,Removal of grid reference
Potters Parade,21,1876; 1897; 1905; 1914,,
Pottery Road,335,1897; 1905; 1914; 1927; 1933; 1936; 1938; 1946; 1950,,
Pottery Terrace,324,1897; 1905; 1914; 1927; 1933; 1936; 1938; 1946; 1950,,
Powell's Court,3,1933,,
Powell's Place,42,1878; 1927; 1933; 1936; 1938; 1946; 1950,,
Powell's Street,3,1927,,
Powells Court,6,1905; 1914,,
Powells Place,11,1897; 1905; 1914,,
Power Street,570,1897; 1905; 1914; 1927; 1933; 1936; 1938; 1946; 1950,,
Preston Avenue,649,1897; 1905; 1914; 1927; 1933; 1936; 1938; 1946; 1950,,
Price Street,688,1897; 1905; 1914; 1927; 1933; 1936; 1938; 1946; 1950,,
Priestley Close,7,1950,,
Prince Street,449,1897; 1905; 1914; 1927; 1933; 1936; 1938; 1946; 1950,,
Princes Chambers,1,1933,,
Princes Street,14,1886,,
Probert Place,3,1938; 1946; 1950,,
Prospect Place,6,1876; 1878,,
Prospect Street,102,1897; 1905; 1914; 1933; 1936; 1938; 1946; 1950,,
Protheroes Row,19,1878; 1886; 1897,,
Providence Place,62,1886; 1897; 1905; 1914; 1933,,
Pugsley Street,287,1897; 1905; 1914; 1933; 1936; 1938; 1946; 1950,,
Pump Street,31,1905; 1914; 1933; 1936; 1938; 1946; 1950,,
Purcell Square,6,1950,,
Pyne's Court,1,1886,,
Queen Street,145,1876; 1878; 1897; 1905; 1914; 1927; 1933; 1936; 1938; 1946; 1950,,
Queen's Buildings,20,1878; 1886; 1938; 1946,,
Queen's Chambers,74,1927; 1938; 1946,,
Queen's Close,196,1933; 1936; 1938; 1946; 1950,,
Queen's Croft,121,1933; 1936; 1938; 1946; 1950,,
Queen's Hill,465,1933; 1936; 1938; 1946; 1950,,
Queen's Hill Crescent,543,1927; 1933; 1936; 1938; 1946; 1950,,
Queen's Hill Terrace's Hill,4,1933,,
Queens Buildings,1,1905,,
Queens Chambers,1,1905,,
Queens Hill,134,1897; 1905; 1914,,
Queensland Terrace,16,1933,,
Quiet Woman's Row,1,1878,,
Quiet Womans Row,17,1876; 1897,,
Radnor Road,56,1933; 1936; 1938; 1946; 1950,,
Raglan Street,1188,1876; 1878; 1886; 1897; 1905; 1914; 1933; 1936; 1938; 1946; 1950,,
Raglan Street (Upper),10,1876,,
Railway Street,354,1876; 1878; 1886; 1897; 1905; 1914; 1927; 1933; 1936; 1938; 1946; 1950,,
Rankine Close,6,1950,,
Redbrook Road,55,1938; 1946; 1950,,
Redland Street,899,1897; 1905; 1914; 1927; 1933; 1936; 1938; 1946; 1950,,
Redvers Street,30,1946; 1950,,
Rees' Buildings,11,1886; 1897,,
Reform Buildings,63,1876; 1878; 1886; 1897; 1905; 1914; 1933; 1936,,
Refuge Chambers,2,1938; 1946,,
Rhymney Wharf,5,1933,,
Richmond Road,430,1905; 1914; 1933; 1936; 1938; 1946; 1950,,
Richmond Terrace,21,1905; 1933,,
Ridgeway,442,1936; 1938; 1946; 1950,,
Ridgeway Avenue,198,1933; 1936; 1938; 1946; 1950,,
Ridgeway Close,40,1950,,
Ridgeway Crescent,167,1933; 1936; 1938; 1946; 1950,,
Ridgeway Drive,156,1933; 1936; 1938; 1950,,
Ridgeway Grove,89,1936; 1938; 1946; 1950,,
Ridgeway Hill,77,1950,,
Ridgeway Park Road,73,1936; 1938; 1946; 1950,,
Ringwood Avenue,65,1946; 1950,,
Risca Road,2338,1897; 1905; 1914; 1927; 1933; 1936; 1938; 1946; 1950,,
River Banks,505,1927; 1933; 1936; 1938; 1946,,
Riverside,349,1897; 1905; 1914; 1933; 1936; 1938; 1946; 1950,,
Robbins Lane,15,1927,,
Robert Street,494,1886; 1897; 1905; 1914; 1927; 1933; 1936; 1938; 1946; 1950,,
Rochester Road,186,1914; 1933; 1936; 1938; 1946; 1950,,
Rock Wharf,4,1933,,
Rockfield Parade,4,1927,,
Rockfield Road,1,1936,,
Rockfield Street,102,1938; 1946; 1950,,
Rodney Boad,40,1938,,
Rodney Parade,156,1878; 1886; 1897; 1905; 1914; 1933; 1936; 1938; 1946,,
Rodney Road,186,1905; 1914; 1927; 1933; 1936; 1946; 1950,,
Ronald Road,398,1897; 1905; 1914; 1927; 1933; 1936; 1938; 1946; 1950,,
Rookery (The),14,1905,,
Rose Street,219,1897; 1905; 1914; 1927; 1933; 1936; 1938; 1946; 1950,,
Ross Street,433,1905; 1914; 1927; 1933; 1936; 1938; 1946; 1950,,
Rosslyn Road,351,1914; 1927; 1933; 1936; 1938; 1946; 1950,,
Rothesay Road,222,1927; 1936; 1938; 1946; 1950,,
Rothsay Road,50,1914; 1933,,
Royal Chambers,3,1938,,
Royston Crescent,73,1946; 1950,,
Rudry Street,226,1897; 1905; 1914; 1927; 1933; 1936; 1938; 1946; 1950,,
Rugby Road,383,1897; 1905; 1914; 1927; 1933; 1936; 1938; 1946; 1950,,
Ruperra Lane,14,1927; 1933; 1938,,
Ruperra Street,493,1876; 1878; 1897; 1905; 1914; 1927; 1933; 1936; 1938; 1946; 1950,,
Russell Drive,41,1950,,
Rutherford Hill,14,1950,,
Rutland Place,111,1886; 1897; 1905; 1914; 1927; 1933; 1936; 1938; 1946; 1950,,
Scard Street,79,1897; 1905; 1914; 1933; 1936; 1938; 1946; 1950,,
School Lane,12,1933; 1938; 1946; 1950,,
Scott Close,13,1950,,
Screw Packet Road,51,1876; 1897; 1905; 1914; 1933; 1936; 1938; 1946; 1950,,
Seamoor Terrace,13,1933,,
Serpentine Road,114,1897; 1905; 1914; 1927; 1933; 1936; 1938; 1946; 1950,,
Severn Terrace,64,1876; 1886; 1905; 1914; 1927; 1933; 1936; 1938; 1946; 1950,,
Severn View,26,1914; 1927; 1936,,
Severn View (Late The Rookery),10,1933,,
Shaftesbury Street,1329,1897; 1905; 1914; 1927; 1933; 1936; 1938; 1946; 1950,,
Shakespeare Crescent,47,1950,,
Shaw Grove,7,1950,,
Shelley Road,19,1933; 1938; 1946; 1950,,
Shifnal Street,2,1927,,
Ship Lane,2,1886,,
Sidbury Terrace,22,1927; 1933,,
Sidney Street,59,1897; 1905; 1914; 1927; 1933; 1938; 1946; 1950,,
Sims Square,12,1950,,
Skinner Lane,3,1938; 1946; 1950,,
Skinner Street,280,1876; 1897; 1905; 1914; 1927; 1933; 1938; 1946; 1950,,
Skinner Street Chambers,1,1933,,
Skinners Row,4,1933,,
Slade Street,73,1905; 1914; 1933; 1936; 1938; 1946; 1950,,
Slipway Cottages,133,1905; 1914; 1927; 1933; 1936; 1938; 1946; 1950,,
Soho Street,57,1927,,
Somerset Road,832,1897; 1905; 1914; 1927; 1933; 1936; 1938; 1946; 1950,,
Somerton,136,1927,,
Somerton Crescent,59,1927; 1933; 1936; 1938; 1946; 1950,,
Somerton Gardens Estate,8,1927,,
Somerton Lane,8,1933,,
Somerton Place,25,1933; 1950,,
Somerton Road,1026,1897; 1905; 1914; 1927; 1933; 1936; 1938; 1946; 1950,,
South Market Street,454,1876; 1897; 1905; 1914; 1933; 1936; 1938; 1946; 1950,,
South Quay Flats,10,1933,,
Southville Road,89,1914; 1927; 1933; 1936; 1938; 1946; 1950,,
Speedwell Street,31,1876; 1886; 1897,,
Speke Street,68,1886; 1897; 1905; 1914; 1927; 1933; 1936; 1938; 1946; 1950,,
Spencer Road,34,1905; 1914; 1927; 1933; 1936; 1938; 1946; 1950,,
SPRING,13,1927,,Investigate
Spring Gardens,25,1897; 1905; 1927; 1936; 1938; 1946,,
SPRING GARDENS INSTITUTE,15,1927,,
Spring Street,92,1886; 1905; 1914; 1927; 1933; 1936; 1938; 1946; 1950,,
Spytty Lane,79,1927; 1933; 1936; 1938; 1946; 1950,,
St. Anne's Crescent,6,1946; 1950,,
St. Bride's Crescent,73,1936; 1938; 1946; 1950,,
St. Edward Street,909,1876; 1878; 1886; 1897; 1905; 1914; 1927; 1933; 1936; 1938; 1946; 1950,,
St. John's Road,408,1905; 1914; 1927; 1933; 1936; 1938; 1946; 1950,,
St. Julian Street,400,1886; 1897; 1905; 1914; 1927; 1933; 1936; 1938; 1946; 1950,,
St. Julian's Avenue,328,1905; 1914; 1927; 1933; 1938; 1946; 1950,,
St. Julian's Park,234,1927,,
St. Julian's Road,876,1927; 1933; 1936; 1938; 1946; 1950,,
St. LIST,475,1878,,Investigate
St. Mark's Crescent,323,1914; 1927; 1933; 1936; 1938; 1946; 1950,,
St. Mary Street,715,1876; 1897; 1905; 1914; 1927; 1933; 1936; 1938; 1946; 1950,,
St. Michael Street,358,1897; 1905; 1914; 1927; 1933; 1936; 1938; 1946; 1950,,
St. Stephen's Road,165,1905; 1914; 1927; 1933; 1936; 1938; 1946; 1950,,
St. Vincent's Road,269,1905; 1914; 1933; 1936; 1938; 1946; 1950,,
St. Woollos Road,27,1876,,
St. Woolos Place,132,1886; 1897; 1905; 1914; 1933; 1936; 1938; 1946; 1950,,
St. Woolos Road,289,1897; 1905; 1914; 1933; 1936; 1938; 1946; 1950,,
Stafford Road,348,1897; 1905; 1914; 1927; 1933; 1936; 1938; 1946; 1950,,
Stanley Road,50,1897; 1905; 1914; 1933; 1936; 1938; 1946; 1950,,
Star Buildings,2,1933,,
Station Approach,29,1938; 1946,,
Station Chambers,4,1933,,
Station Street,161,1876; 1897; 1905; 1914; 1927; 1933; 1936; 1938; 1946; 1950,,
Station Yard,3,1876,,
Steam Packet Chambers,3,1905; 1927; 1938,,
Stelvio Park Avenue,69,1938; 1946; 1950,,
Stelvio Park Crescent,14,1950,,
Stelvio Park Drive,169,1938; 1946; 1950,,
Stephenson Street,1,1950,,
Stockton Road,835,1914; 1927; 1933; 1936; 1938; 1946; 1950,,
Stow Chambers,3,1905; 1938; 1946,,
Stow Hill,1760,1876; 1878; 1897; 1905; 1914; 1927; 1933; 1936; 1938; 1946; 1950,,
Stow Hill Baptist Church,4,1927,,
Stow Hill's Hill (Now Bishopstow),1,1933,,Investigate
Stow Park,37,1876,,
Stow Park Avenue,348,1905; 1914; 1927; 1933; 1936; 1938; 1946; 1950,,
Stow Park Circle,127,1936; 1938; 1946; 1950,,
Stow Park Circus,75,1897; 1905; 1914,,
Stow Park Crescent,151,1897; 1905; 1914; 1927; 1933; 1936; 1938; 1946; 1950,,
Stow Park Gardens,35,1905; 1927; 1933; 1938; 1946,,
Stow Park Road,38,1897,,
Stow Park Terrace,7,1933,,
Stow Passage,32,1897; 1905; 1914; 1933,,
Summer Hill Road,33,1897,,
Summer Hill Villas,20,1876; 1927; 1933,,
Summerhill Avenue,425,1905; 1914; 1927; 1933; 1936; 1938; 1946; 1950,,
Surrey Place,85,1927; 1933; 1936; 1938; 1946; 1950,,
Sutton Road,707,1897; 1905; 1914; 1927; 1933; 1936; 1938; 1946; 1950,,
Sycamore Avenue,457,1927; 1933; 1936; 1938; 1946; 1950,,
Talbot Lane,19,1905; 1927; 1933; 1936; 1938; 1946; 1950,,
Temperance Cottages,32,1933,,
TEMPERANCE HALL,7,1927,,
Temple Street,373,1876; 1878; 1886; 1897; 1905; 1914; 1927; 1933; 1936; 1938; 1946; 1950,,
Tennyson Road,445,1933; 1936; 1938; 1946; 1950,,
The Arcade,14,1876,,
The Bridge,3,1876,,
The Camp,4,1933,,
The Docks,56,1876,,
The Nweport Steam Laundry Co,44,1927,,
THE OLD CEMETERY-PLACE. WOOLOS-ROAD,8,1878,,Investigate
The Rookery,14,1897,,
The Town Dock,18,1914,,
The Wharfs,55,1897,,
Thomas Street,60,1876; 1878; 1897; 1905; 1914; 1927; 1933; 1936; 1938; 1946; 1950,,
Thompson Avenue,181,1946; 1950,,
Thompson Lane,34,1897; 1905; 1914; 1927; 1933,,
TIST CHURCH,147,1927,,Investigate
Toomb's Court,1,1886,,
Town Hall Chambers,1,1905,,
Transporter Bridge,5,1927,,
Tre-Ap-Gwilym,33,1933,,Investigate
Treberth Estate,204,1946; 1950,,
Tredegar Chambers,4,1886; 1905; 1938; 1946,,
Tredegar Place,51,1876; 1878; 1905; 1933; 1938; 1946,,
Tredegar Street,98,1876; 1878; 1886; 1897; 1914; 1927; 1933; 1936; 1938; 1946; 1950,,
Tregare Street,81,1897; 1905; 1914; 1927; 1933; 1936; 1938; 1946; 1950,,
Triley Street,10,1897,,
Trinity Place,144,1886; 1897; 1905; 1914; 1927; 1933; 1936; 1938; 1946; 1950,,
TROSTON LANE,16,1936,,
Troston Road,87,1905; 1914; 1927; 1933; 1946,,
Trostrey Street,131,1897; 1905; 1914; 1927; 1933; 1936; 1938; 1946; 1950,,
Trostron Road,31,1950,,
Tudor Road,175,1933; 1936; 1938; 1946; 1950,,
Tunnel Terrace,519,1876; 1878; 1897; 1905; 1914; 1927; 1933; 1936; 1938; 1946; 1950,,
Turner Street,143,1897; 1905; 1914; 1927; 1933; 1936; 1938; 1946; 1950,,
Tweedy Lane,1,1950,,
Tyllwyd Road,61,1914; 1927; 1933; 1936; 1938; 1946; 1950,,
Union Lane,8,1897; 1905; 1914; 1927,,
Union Street,172,1876; 1878; 1886; 1897; 1905; 1914; 1927; 1933; 1936; 1938; 1946; 1950,,
Upper Alma Street,189,1876; 1878,,
Upper Durham Road,1,1905,,
Upper Lewis Street,7,1876,,
Upper Merchant Street,7,1876,,
Upper Raglan Street,10,1876,,
Upton Place,31,1876; 1905; 1927; 1933; 1938; 1946,,
Upton Road,313,1897; 1905; 1914; 1927; 1933; 1936; 1938; 1946; 1950,,
Usk Street,497,1897; 1905; 1914; 1927; 1933; 1936; 1938; 1946; 1950,,
Vanbrugh Gardens,7,1950,,
Vaughan Cottages,2,1876,,
Vaughan Terrace,6,1876; 1886,,
Vaughan Williams Drive,40,1950,,
Vicarage Hill,56,1927; 1933; 1938; 1946; 1950,,
Victoria Avenue,1056,1897; 1905; 1914; 1927; 1933; 1938; 1946; 1950,,
Victoria Chambers,3,1905; 1938; 1946,,
Victoria Crescent,299,1876; 1897; 1905; 1914; 1927; 1933; 1936; 1938; 1946; 1950,,
Victoria Lane,35,1905; 1914; 1927; 1936; 1938; 1946; 1950,,
Victoria Lane (Church Path),5,1933,,
Victoria Place,287,1876; 1878; 1886; 1897; 1905; 1914; 1927; 1933; 1936; 1938; 1946; 1950,,
Victoria Road,8,1876; 1878; 1886; 1905; 1938; 1946,,
Victoria Square,99,1886; 1905; 1914; 1927; 1933; 1936; 1938; 1946; 1950,,
Vine Place,50,1905; 1914; 1927; 1933; 1936; 1938; 1946; 1950,,
Vivian Road,523,1897; 1905; 1914; 1927; 1933; 1936; 1938; 1946; 1950,,
Walford Davies Drive,35,1950,,
Walford Street,511,1905; 1914; 1927; 1933; 1936; 1938; 1946; 1950,,
Wallis Street,134,1905; 1914; 1927; 1933; 1936; 1938; 1946; 1950,,
Walmer Road,340,1905; 1914; 1927; 1933; 1936; 1938; 1946; 1950,,
Walsall Street,507,1905; 1914; 1927; 1933; 1936; 1938; 1946; 1950,,
Warwick Road,190,1914; 1927; 1933; 1938; 1946; 1950,,
WATCHHOUSE PAR,25,1927,,
Watchhouse Parade,219,1878; 1897; 1905; 1914; 1933; 1938; 1946; 1950,,
Water's Lane,2,1933,,
Waterloo Gardens,13,1933,,
Waterloo Road,370,1876; 1878; 1897; 1905; 1914; 1927; 1933; 1936; 1938; 1946; 1950,,
Waterloo Wharf,1,1933,,
Waters Cottages,6,1933,,
Waters Lane,25,1897; 1905; 1914; 1936; 1938; 1946; 1950,,
Waters' Lane,5,1878; 1886,,
Wedlock's Court,2,1886,,
Wednesbury Street,81,1905; 1914; 1927; 1933; 1936; 1938; 1946; 1950,,
Wells Close,13,1950,,
Wesley Buildings,4,1933,,
Wesley Chambers,10,1905; 1933; 1938; 1946,,
Wesley Place,27,1897; 1905; 1914; 1927; 1933; 1936; 1938; 1946; 1950,,
West End Buildings,1,1933,,
WEST GAER ROAD,12,1936,,
West Market Street,129,1876; 1878; 1897; 1905; 1914; 1927; 1933; 1936; 1938; 1946; 1950,,
West Park,3,1905; 1938; 1946,,
West Park Road,248,1897; 1905; 1914; 1927; 1933; 1938; 1946; 1950,,
West Street,478,1876; 1878; 1897; 1905; 1914; 1927; 1933; 1936; 1938; 1946; 1950,,
Western Avenue,278,1936; 1938; 1946; 1950,,
Western Mail Chambers,4,1927,,
Westfield,1,1927,,
Westfield Avenue,96,1938; 1946; 1950,,
Westfield Road,186,1914; 1927; 1936; 1938; 1946,,
Westfield Road (Clytha Park),23,1933; 1950,,
Westfield Road (Malpas),64,1938; 1950,,
Westgate Buildings,4,1933,,
Westgate Chambers,5,1886; 1905; 1938; 1946,,
Westminster Bank Chambers,2,1938; 1946,,
Westville Road,133,1927; 1933; 1936; 1938; 1946; 1950,,
Wharf Road,709,1897; 1905; 1914; 1927; 1933; 1936; 1938; 1946; 1950,,
Wharves (The),131,1905; 1914,,
WHARVES (the),74,1878,,
Wheeler Street,341,1897; 1905; 1914; 1927; 1933; 1936; 1938; 1946; 1950,,
Whitby Place,54,1897; 1905; 1914; 1927; 1933; 1936; 1938; 1946; 1950,,
White Lion Court,11,1927; 1933,,
Whitstone Road,516,1905; 1914; 1927; 1933; 1936; 1938; 1946; 1950,,
Williams Street,816,1876; 1897; 1905; 1914; 1933; 1936; 1938; 1946; 1950,,
Wilson Street,146,1905; 1914; 1927; 1933; 1938; 1946; 1950,,
Winchester Chambers,9,1927; 1933,,
Windsor Road,373,1905; 1914; 1927; 1933; 1936; 1938; 1946; 1950,,
Windsor Terrace,203,1876; 1878; 1886; 1897; 1905; 1914; 1927; 1933; 1936; 1938; 1946; 1950,,
Wingate Street,203,1905; 1914; 1927; 1933; 1936; 1938; 1946; 1950,,
Winmill Street,75,1878; 1886; 1897; 1905; 1914; 1927; 1933; 1936; 1938; 1946; 1950,,
Witham Street,567,1905; 1914; 1927; 1933; 1936; 1938; 1946; 1950,,
Withey Bed,32,1905; 1914; 1927; 1936; 1938; 1946; 1950,,
Wolseley Street,422,1878; 1897; 1905; 1914; 1927; 1933; 1936; 1938; 1946; 1950,,
WOODLAND AVENUE,67,1936,,
Woodland Park,19,1886; 1897; 1905,,
Woodland Park Road,239,1914; 1927; 1933; 1936; 1938; 1946; 1950,,
Woodland Road,344,1897; 1905; 1914; 1927; 1933; 1938; 1946; 1950,,
Woodlands Drive,19,1938; 1946; 1950,,
Woodville Road,203,1927; 1933; 1936; 1938; 1946; 1950,,
Worcester Crescent,23,1946; 1950,,
WORDEN ROAD,86,1936,,
Wordsworth Road,8,1946; 1950,,
Wrington Terrace,24,1933,,
Wyastone Flats,3,1933,,
Wyeverne Road,75,1936; 1938; 1946; 1950,,
Wyndham Street,52,1876; 1878; 1886; 1897; 1905; 1914; 1927; 1933; 1936; 1938; 1946; 1950,,
Wyndham Terrace,27,1878; 1886,,
WYVERNE ROAD,18,1927,,
York Place,611,1876; 1878; 1886; 1897; 1905; 1914; 1927; 1933; 1936; 1938; 1946; 1950,,
York Road,117,1897; 1905; 1914; 1927; 1933; 1936; 1938; 1946; 1950,,
— FRIARS CHAMBERS,1,1936,,
— GAER FACH,7,1936,,
— ALTERYN,2,1936,,
— CAMBRIA COTTAGES,56,1936,,
— CANAL BANK,12,1936,,
— GAER FACH,7,1936,,
— POTTERY TERRACE,11,1936,,
— PROVIDENCE PLACE,6,1936,,
